,mean_fit_time,mean_score_time,mean_test_accuracy,mean_test_f1,mean_test_precision,mean_test_recall,mean_test_roc_auc,mean_train_accuracy,mean_train_f1,mean_train_precision,mean_train_recall,mean_train_roc_auc,param_lr,param_reg,params,rank_test_accuracy,rank_test_f1,rank_test_precision,rank_test_recall,rank_test_roc_auc,split0_test_accuracy,split0_test_f1,split0_test_precision,split0_test_recall,split0_test_roc_auc,split0_train_accuracy,split0_train_f1,split0_train_precision,split0_train_recall,split0_train_roc_auc,split1_test_accuracy,split1_test_f1,split1_test_precision,split1_test_recall,split1_test_roc_auc,split1_train_accuracy,split1_train_f1,split1_train_precision,split1_train_recall,split1_train_roc_auc,split2_test_accuracy,split2_test_f1,split2_test_precision,split2_test_recall,split2_test_roc_auc,split2_train_accuracy,split2_train_f1,split2_train_precision,split2_train_recall,split2_train_roc_auc,split3_test_accuracy,split3_test_f1,split3_test_precision,split3_test_recall,split3_test_roc_auc,split3_train_accuracy,split3_train_f1,split3_train_precision,split3_train_recall,split3_train_roc_auc,split4_test_accuracy,split4_test_f1,split4_test_precision,split4_test_recall,split4_test_roc_auc,split4_train_accuracy,split4_train_f1,split4_train_precision,split4_train_recall,split4_train_roc_auc,split5_test_accuracy,split5_test_f1,split5_test_precision,split5_test_recall,split5_test_roc_auc,split5_train_accuracy,split5_train_f1,split5_train_precision,split5_train_recall,split5_train_roc_auc,split6_test_accuracy,split6_test_f1,split6_test_precision,split6_test_recall,split6_test_roc_auc,split6_train_accuracy,split6_train_f1,split6_train_precision,split6_train_recall,split6_train_roc_auc,split7_test_accuracy,split7_test_f1,split7_test_precision,split7_test_recall,split7_test_roc_auc,split7_train_accuracy,split7_train_f1,split7_train_precision,split7_train_recall,split7_train_roc_auc,split8_test_accuracy,split8_test_f1,split8_test_precision,split8_test_recall,split8_test_roc_auc,split8_train_accuracy,split8_train_f1,split8_train_precision,split8_train_recall,split8_train_roc_auc,split9_test_accuracy,split9_test_f1,split9_test_precision,split9_test_recall,split9_test_roc_auc,split9_train_accuracy,split9_train_f1,split9_train_precision,split9_train_recall,split9_train_roc_auc,std_fit_time,std_score_time,std_test_accuracy,std_test_f1,std_test_precision,std_test_recall,std_test_roc_auc,std_train_accuracy,std_train_f1,std_train_precision,std_train_recall,std_train_roc_auc
0,1196.3302613019944,0.2659940242767334,0.5387931034482759,0.6263820470717022,0.4844827586206897,0.9008620689655172,0.5416829937304075,0.5473777100092889,0.6303230358300229,0.5020316832742225,0.8867924528301888,0.5434099651950907,0.01,"{'l2': 0.5, 'l1': 0.0}","{'lr': 0.01, 'reg': <__main__.CustomL1L2Regularizer object at 0x7f2209617ad0>}",38,37,37,2,38,0.5,0.6666666666666666,0.5,1.0,0.5,0.5096153846153846,0.6751592356687898,0.5096153846153846,1.0,0.5,0.5,0.6666666666666666,0.5,1.0,0.5,0.5096153846153846,0.6751592356687898,0.5096153846153846,1.0,0.49528301886792453,0.5,0.6666666666666666,0.5,1.0,0.5,0.5096153846153846,0.6751592356687898,0.5096153846153846,1.0,0.5,0.5,0.6666666666666666,0.5,1.0,0.5,0.5096153846153846,0.6751592356687898,0.5096153846153846,1.0,0.5,0.5217391304347826,0.6857142857142856,0.5217391304347826,1.0,0.5,0.507177033492823,0.673015873015873,0.507177033492823,1.0,0.5,0.5217391304347826,0.6857142857142856,0.5217391304347826,1.0,0.5,0.507177033492823,0.673015873015873,0.507177033492823,1.0,0.5,0.4782608695652174,0.0,0.0,0.0,0.5,0.49282296650717705,0.0,0.0,0.0,0.5,0.8695652173913043,0.888888888888889,0.8,1.0,0.9204545454545454,0.9090909090909091,0.9064039408866995,0.9484536082474226,0.8679245283018868,0.9388166330829822,0.5,0.6666666666666666,0.5,1.0,0.5,0.5095238095238095,0.6750788643533123,0.5095238095238095,1.0,0.5,0.5,0.6666666666666666,0.5,1.0,0.5,0.5095238095238095,0.6750788643533123,0.5095238095238095,1.0,0.5,9.873572080774005,0.06764442756496322,0.11034380270326143,0.21772939448954934,0.18319338121265777,0.2988471208907405,0.1256516303745159,0.12067089775656502,0.22118328597938508,0.21253790470908435,0.2982087260397034,0.13180972520982479
1,1217.3757144212723,0.5188058137893676,0.5,0.40032840722495894,0.3017241379310345,0.5948275862068966,0.5,0.5019047619047619,0.404650794607595,0.3052632455264034,0.6,0.5,0.01,"{'l2': 0.1, 'l1': 0.0}","{'lr': 0.01, 'reg': <__main__.CustomL1L2Regularizer object at 0x7f220f30e690>}",43,42,42,42,41,0.5,0.6666666666666666,0.5,1.0,0.5,0.5096153846153846,0.6751592356687898,0.5096153846153846,1.0,0.5,0.5,0.0,0.0,0.0,0.5,0.49038461538461536,0.0,0.0,0.0,0.5,0.5,0.6666666666666666,0.5,1.0,0.5,0.5096153846153846,0.6751592356687898,0.5096153846153846,1.0,0.5,0.5,0.0,0.0,0.0,0.5,0.49038461538461536,0.0,0.0,0.0,0.5,0.5217391304347826,0.6857142857142856,0.5217391304347826,1.0,0.5,0.507177033492823,0.673015873015873,0.507177033492823,1.0,0.5,0.5217391304347826,0.6857142857142856,0.5217391304347826,1.0,0.5,0.507177033492823,0.673015873015873,0.507177033492823,1.0,0.5,0.4782608695652174,0.0,0.0,0.0,0.5,0.49282296650717705,0.0,0.0,0.0,0.5,0.4782608695652174,0.0,0.0,0.0,0.5,0.49282296650717705,0.0,0.0,0.0,0.5,0.5,0.6666666666666666,0.5,1.0,0.5,0.5095238095238095,0.6750788643533123,0.5095238095238095,1.0,0.5,0.5,0.6666666666666666,0.5,1.0,0.5,0.5095238095238095,0.6750788643533123,0.5095238095238095,1.0,0.5,11.13850350472568,0.10196133665730057,0.01368964195483483,0.3304731407100391,0.24914551795589304,0.4909253801690982,0.0,0.008491092042775164,0.3303968837788728,0.24924792904429735,0.48989794855663565,0.0
2,1237.8310557365417,0.8599161624908447,0.5387931034482759,0.42960717443476065,0.33928571428571425,0.603448275862069,0.5390543364681296,0.548813029076187,0.43494178550035745,0.3545546996862786,0.5952830188679246,0.5498076570800513,0.01,"{'l2': 0.05, 'l1': 0.0}","{'lr': 0.01, 'reg': <__main__.CustomL1L2Regularizer object at 0x7f2209191c90>}",38,40,40,40,39,0.5,0.6666666666666666,0.5,1.0,0.5,0.5096153846153846,0.6751592356687898,0.5096153846153846,1.0,0.5,0.5,0.6666666666666666,0.5,1.0,0.5,0.5096153846153846,0.6751592356687898,0.5096153846153846,1.0,0.5,0.5,0.6666666666666666,0.5,1.0,0.5,0.5096153846153846,0.6751592356687898,0.5096153846153846,1.0,0.5,0.5,0.0,0.0,0.0,0.5,0.49038461538461536,0.0,0.0,0.0,0.5,0.4782608695652174,0.0,0.0,0.0,0.5,0.49282296650717705,0.0,0.0,0.0,0.5,0.5217391304347826,0.6857142857142856,0.5217391304347826,1.0,0.5,0.507177033492823,0.673015873015873,0.507177033492823,1.0,0.5,0.4782608695652174,0.0,0.0,0.0,0.5,0.49282296650717705,0.0,0.0,0.0,0.5,0.9130434782608695,0.923076923076923,0.8571428571428571,1.0,0.8939393939393939,0.9760765550239234,0.9758454106280194,1.0,0.9528301886792453,0.9980765708005129,0.5,0.0,0.0,0.0,0.5,0.49047619047619045,0.0,0.0,0.0,0.5,0.5,0.6666666666666666,0.5,1.0,0.5,0.5095238095238095,0.6750788643533123,0.5095238095238095,1.0,0.5,6.492295536120931,0.14300987231203813,0.12469590265259166,0.3558116362133194,0.29325900709210106,0.48918141238314167,0.11772765368423112,0.14266307370083195,0.3656135277387651,0.32231602904416995,0.48623725103424853,0.14942297124015388
3,1256.602656841278,1.1770573377609252,0.5043103448275862,0.34187192118226595,0.25862068965517243,0.5043103448275862,0.5,0.4995306447938027,0.33693660903851985,0.25407618697092377,0.5,0.5,0.01,"{'l2': 0.01, 'l1': 0.0}","{'lr': 0.01, 'reg': <__main__.CustomL1L2Regularizer object at 0x7f2209191610>}",42,43,43,43,41,0.5,0.6666666666666666,0.5,1.0,0.5,0.5096153846153846,0.6751592356687898,0.5096153846153846,1.0,0.5,0.5,0.6666666666666666,0.5,1.0,0.5,0.5096153846153846,0.6751592356687898,0.5096153846153846,1.0,0.5,0.5,0.0,0.0,0.0,0.5,0.49038461538461536,0.0,0.0,0.0,0.5,0.5,0.0,0.0,0.0,0.5,0.49038461538461536,0.0,0.0,0.0,0.5,0.5217391304347826,0.6857142857142856,0.5217391304347826,1.0,0.5,0.507177033492823,0.673015873015873,0.507177033492823,1.0,0.5,0.4782608695652174,0.0,0.0,0.0,0.5,0.49282296650717705,0.0,0.0,0.0,0.5,0.5217391304347826,0.6857142857142856,0.5217391304347826,1.0,0.5,0.507177033492823,0.673015873015873,0.507177033492823,1.0,0.5,0.5217391304347826,0.6857142857142856,0.5217391304347826,1.0,0.5,0.507177033492823,0.673015873015873,0.507177033492823,1.0,0.5,0.5,0.0,0.0,0.0,0.5,0.49047619047619045,0.0,0.0,0.0,0.5,0.5,0.0,0.0,0.0,0.5,0.49047619047619045,0.0,0.0,0.0,0.5,9.555976906864272,0.16002484191957092,0.0129933530822061,0.33900264297899363,0.2565131518133087,0.4999814205822725,0.0,0.008689445763863626,0.3369374271148751,0.2540775910079979,0.5,0.0
4,1283.2444295883179,1.4642815351486207,0.4956896551724138,0.2691297208538588,0.2025862068965517,0.40086206896551724,0.5,0.4985645933014354,0.2698413208706765,0.2035931612247402,0.4,0.5,0.01,"{'l2': 0.005, 'l1': 0.0}","{'lr': 0.01, 'reg': <__main__.CustomL1L2Regularizer object at 0x7f2209191c10>}",45,45,45,44,41,0.5,0.6666666666666666,0.5,1.0,0.5,0.5096153846153846,0.6751592356687898,0.5096153846153846,1.0,0.5,0.5,0.0,0.0,0.0,0.5,0.49038461538461536,0.0,0.0,0.0,0.5,0.5,0.6666666666666666,0.5,1.0,0.5,0.5096153846153846,0.6751592356687898,0.5096153846153846,1.0,0.5,0.5,0.0,0.0,0.0,0.5,0.49038461538461536,0.0,0.0,0.0,0.5,0.4782608695652174,0.0,0.0,0.0,0.5,0.49282296650717705,0.0,0.0,0.0,0.5,0.4782608695652174,0.0,0.0,0.0,0.5,0.49282296650717705,0.0,0.0,0.0,0.5,0.4782608695652174,0.0,0.0,0.0,0.5,0.49282296650717705,0.0,0.0,0.0,0.5,0.5217391304347826,0.6857142857142856,0.5217391304347826,1.0,0.5,0.507177033492823,0.673015873015873,0.507177033492823,1.0,0.5,0.5,0.6666666666666666,0.5,1.0,0.5,0.5095238095238095,0.6750788643533123,0.5095238095238095,1.0,0.5,0.5,0.0,0.0,0.0,0.5,0.49047619047619045,0.0,0.0,0.0,0.5,8.867649832296317,0.17109940539888913,0.0129933530822061,0.3290651455690679,0.24774254782869423,0.4900731278393074,0.0,0.008582911487509805,0.330487282804239,0.24935055309198287,0.48989794855663565,0.0
5,1297.8494275331498,1.8158573150634765,0.5301724137931034,0.2861247947454844,0.25,0.3760775862068966,0.5450626959247649,0.5397129186602871,0.29408202212630313,0.24971756313861576,0.3867924528301887,0.5672513280820664,0.01,"{'l2': 0.001, 'l1': 0.0}","{'lr': 0.01, 'reg': <__main__.CustomL1L2Regularizer object at 0x7f2209191c50>}",40,44,44,45,37,0.5,0.0,0.0,0.0,0.5,0.49038461538461536,0.0,0.0,0.0,0.5047169811320755,0.5,0.6666666666666666,0.5,1.0,0.5,0.5096153846153846,0.6751592356687898,0.5096153846153846,1.0,0.5,0.5,0.6666666666666666,0.5,1.0,0.5,0.5096153846153846,0.6751592356687898,0.5096153846153846,1.0,0.5,0.5,0.0,0.0,0.0,0.5,0.49038461538461536,0.0,0.0,0.0,0.5,0.4782608695652174,0.0,0.0,0.0,0.5,0.49282296650717705,0.0,0.0,0.0,0.5,0.8695652173913043,0.8571428571428571,1.0,0.75,0.8636363636363635,0.9186602870813397,0.9154228855721392,0.968421052631579,0.8679245283018868,0.9662941930756549,0.4782608695652174,0.0,0.0,0.0,0.5909090909090908,0.49282296650717705,0.0,0.0,0.0,0.7015021066129328,0.4782608695652174,0.0,0.0,0.0,0.5,0.49282296650717705,0.0,0.0,0.0,0.5,0.5,0.6666666666666666,0.5,1.0,0.5,0.5095238095238095,0.6750788643533123,0.5095238095238095,1.0,0.5,0.5,0.0,0.0,0.0,0.5,0.49047619047619045,0.0,0.0,0.0,0.5,10.684926715993374,0.1189671151144176,0.11300568621119318,0.3536498970086118,0.3347670317059931,0.46481703205748104,0.10907714281858026,0.12657449770945728,0.3661377011678194,0.3306479872502172,0.47510093360928213,0.1458863297531708
6,1337.1585793733598,1.9844575881958009,0.5431034482758621,0.5647783251231526,0.46120689655172414,0.7855603448275862,0.5390543364681296,0.5430897173002436,0.5600513577266819,0.453700413319288,0.780188679245283,0.5468356722072613,0.01,"{'l2': 0.0, 'l1': 0.5}","{'lr': 0.01, 'reg': <__main__.CustomL1L2Regularizer object at 0x7f2209191b90>}",37,39,38,35,39,0.5,0.6666666666666666,0.5,1.0,0.5,0.5096153846153846,0.6751592356687898,0.5096153846153846,1.0,0.5,0.5,0.6666666666666666,0.5,1.0,0.5,0.5096153846153846,0.6751592356687898,0.5096153846153846,1.0,0.5,0.5,0.6666666666666666,0.5,1.0,0.5,0.5096153846153846,0.6751592356687898,0.5096153846153846,1.0,0.5,0.5,0.6666666666666666,0.5,1.0,0.5,0.5096153846153846,0.6751592356687898,0.5096153846153846,1.0,0.5,0.5217391304347826,0.6857142857142856,0.5217391304347826,1.0,0.5,0.507177033492823,0.673015873015873,0.507177033492823,1.0,0.5,0.8695652173913043,0.8571428571428571,1.0,0.75,0.8939393939393939,0.8899521531100478,0.8808290155440415,0.9770114942528736,0.8018867924528302,0.9636838248763511,0.5217391304347826,0.6857142857142856,0.5217391304347826,1.0,0.5,0.507177033492823,0.673015873015873,0.507177033492823,1.0,0.5,0.5217391304347826,0.6857142857142856,0.5217391304347826,1.0,0.5,0.507177033492823,0.673015873015873,0.507177033492823,1.0,0.5,0.5,0.0,0.0,0.0,0.5,0.49047619047619045,0.0,0.0,0.0,0.5,0.5,0.0,0.0,0.0,0.5,0.49047619047619045,0.0,0.0,0.0,0.5046728971962616,19.548559708963996,0.2405348722931171,0.10873248096541806,0.27859414901124263,0.2661464365900077,0.38712650050466,0.11772765368423112,0.11584524252431909,0.2866174439455312,0.2658247167393939,0.394471630879243,0.1389563685151239
7,1369.5116991043092,2.3462549686431884,0.5086206896551724,0.6110016420361247,0.46120689655172414,0.9051724137931034,0.5,0.506716967243283,0.6067779299091963,0.45766934819566396,0.9,0.5,0.01,"{'l2': 0.0, 'l1': 0.1}","{'lr': 0.01, 'reg': <__main__.CustomL1L2Regularizer object at 0x7f2209191d90>}",41,38,38,1,41,0.5,0.6666666666666666,0.5,1.0,0.5,0.5096153846153846,0.6751592356687898,0.5096153846153846,1.0,0.5,0.5,0.6666666666666666,0.5,1.0,0.5,0.5096153846153846,0.6751592356687898,0.5096153846153846,1.0,0.5,0.5,0.6666666666666666,0.5,1.0,0.5,0.5096153846153846,0.6751592356687898,0.5096153846153846,1.0,0.5,0.5,0.6666666666666666,0.5,1.0,0.5,0.5096153846153846,0.6751592356687898,0.5096153846153846,1.0,0.5,0.5217391304347826,0.6857142857142856,0.5217391304347826,1.0,0.5,0.507177033492823,0.673015873015873,0.507177033492823,1.0,0.5,0.5217391304347826,0.6857142857142856,0.5217391304347826,1.0,0.5,0.507177033492823,0.673015873015873,0.507177033492823,1.0,0.5,0.5217391304347826,0.6857142857142856,0.5217391304347826,1.0,0.5,0.507177033492823,0.673015873015873,0.507177033492823,1.0,0.5,0.5217391304347826,0.6857142857142856,0.5217391304347826,1.0,0.5,0.507177033492823,0.673015873015873,0.507177033492823,1.0,0.5,0.5,0.0,0.0,0.0,0.5,0.49047619047619045,0.0,0.0,0.0,0.5,0.5,0.6666666666666666,0.5,1.0,0.5,0.5095238095238095,0.6750788643533123,0.5095238095238095,1.0,0.5,9.921812997287073,0.2784408239914662,0.01063437853006829,0.19796684708310014,0.14963087239412554,0.2929766459994212,0.0,0.005532550320184608,0.20226179723526397,0.15256071704415983,0.3,0.0
8,1394.4017580032348,2.5463892459869384,0.5,0.4060755336617406,0.30603448275862066,0.603448275862069,0.5,0.5019230769230769,0.40465883173914274,0.3052724030355609,0.6,0.5,0.01,"{'l2': 0.0, 'l1': 0.05}","{'lr': 0.01, 'reg': <__main__.CustomL1L2Regularizer object at 0x7f22091915d0>}",43,41,41,40,41,0.5,0.6666666666666666,0.5,1.0,0.5,0.5096153846153846,0.6751592356687898,0.5096153846153846,1.0,0.5,0.5,0.6666666666666666,0.5,1.0,0.5,0.5096153846153846,0.6751592356687898,0.5096153846153846,1.0,0.5,0.5,0.0,0.0,0.0,0.5,0.49038461538461536,0.0,0.0,0.0,0.5,0.5,0.6666666666666666,0.5,1.0,0.5,0.5096153846153846,0.6751592356687898,0.5096153846153846,1.0,0.5,0.5217391304347826,0.6857142857142856,0.5217391304347826,1.0,0.5,0.507177033492823,0.673015873015873,0.507177033492823,1.0,0.5,0.4782608695652174,0.0,0.0,0.0,0.5,0.49282296650717705,0.0,0.0,0.0,0.5,0.4782608695652174,0.0,0.0,0.0,0.5,0.49282296650717705,0.0,0.0,0.0,0.5,0.5217391304347826,0.6857142857142856,0.5217391304347826,1.0,0.5,0.507177033492823,0.673015873015873,0.507177033492823,1.0,0.5,0.5,0.6666666666666666,0.5,1.0,0.5,0.5095238095238095,0.6750788643533123,0.5095238095238095,1.0,0.5,0.5,0.0,0.0,0.0,0.5,0.49047619047619045,0.0,0.0,0.0,0.5,22.34685502443034,0.26339277894205715,0.01368964195483483,0.32925584117504053,0.24821162805999386,0.48918141238314167,0.0,0.008486962774788215,0.33040346294203815,0.24925543509336262,0.4898979485566356,0.0
9,1417.3301089048387,2.913449025154114,0.7844827586206896,0.7305389734742491,0.7777569413345276,0.7018678160919539,0.8354885057471264,0.9370583144925251,0.8881580723375239,0.8888155018004975,0.8877358490566039,0.9494310528754457,0.005,"{'l2': 0.5, 'l1': 0.0}","{'lr': 0.005, 'reg': <__main__.CustomL1L2Regularizer object at 0x7f2209617ad0>}",32,36,36,39,33,0.875,0.8695652173913043,0.9090909090909091,0.8333333333333334,0.9305555555555556,0.9759615384615384,0.9758454106280194,1.0,0.9528301886792453,0.9993525712171661,0.8333333333333334,0.8181818181818182,0.9,0.75,0.8402777777777778,0.9903846153846154,0.9906542056074767,0.9814814814814815,1.0,0.9996300406955234,0.5,0.0,0.0,0.0,0.5,0.49038461538461536,0.0,0.0,0.0,0.5,0.7916666666666666,0.761904761904762,0.8888888888888888,0.6666666666666666,0.9375000000000001,0.9903846153846154,0.9906542056074767,0.9814814814814815,1.0,0.9999075101738809,0.8695652173913043,0.8571428571428571,1.0,0.75,0.9242424242424242,0.9952153110047847,0.9952606635071091,1.0,0.9905660377358491,1.0,0.8260869565217391,0.8181818181818182,0.9,0.75,0.9166666666666666,0.9904306220095693,0.9905660377358491,0.9905660377358491,0.9905660377358491,0.9998168162667155,0.7391304347826086,0.75,0.75,0.75,0.803030303030303,0.9760765550239234,0.9767441860465116,0.963302752293578,0.9905660377358491,0.9972522440007328,0.8260869565217391,0.8461538461538461,0.7857142857142857,0.9166666666666666,0.8863636363636364,0.9665071770334929,0.9665071770334929,0.9805825242718447,0.9528301886792453,0.9983513464004397,0.8636363636363636,0.8421052631578948,1.0,0.7272727272727273,0.859504132231405,0.9952380952380953,0.9953488372093023,0.9907407407407407,1.0,1.0,0.7272727272727273,0.7692307692307692,0.6666666666666666,0.9090909090909091,0.7603305785123966,1.0,1.0,1.0,1.0,1.0,15.703339492109537,0.3085418300389422,0.10789426290991795,0.2512775679648815,0.2819556978235777,0.2500252399910943,0.12666028334330662,0.14922643323415005,0.29622080623133196,0.29647333852075153,0.29642614345932095,0.1498127772365986
10,1433.2286359548568,3.0650251388549803,0.771551724137931,0.790772410719937,0.80510710553814,0.8135775862068966,0.8319781870428421,0.9442560290586606,0.9609429874518283,0.9425761207744102,0.9952918356550873,0.9498714080068378,0.005,"{'l2': 0.1, 'l1': 0.0}","{'lr': 0.005, 'reg': <__main__.CustomL1L2Regularizer object at 0x7f220f30e690>}",35,34,33,15,34,0.5,0.6666666666666666,0.5,1.0,0.5,0.5096153846153846,0.6751592356687898,0.5096153846153846,1.0,0.5,0.875,0.8695652173913043,0.9090909090909091,0.8333333333333334,0.9791666666666667,0.9903846153846154,0.9906542056074767,0.9814814814814815,1.0,0.9997225305216426,0.875,0.8799999999999999,0.8461538461538461,0.9166666666666666,0.9027777777777778,0.9951923076923077,0.9952606635071091,1.0,0.9905660377358491,0.9999075101738809,0.75,0.7272727272727272,0.8,0.6666666666666666,0.9236111111111112,0.9903846153846154,0.9905660377358491,0.9905660377358491,0.9905660377358491,0.9999075101738809,0.8695652173913043,0.8571428571428571,1.0,0.75,0.8939393939393938,0.9952153110047847,0.9953051643192489,0.9906542056074766,1.0,1.0,0.8260869565217391,0.8181818181818182,0.9,0.75,0.8560606060606061,0.9904306220095693,0.9906542056074767,0.9814814814814815,1.0,0.9998168162667155,0.782608695652174,0.8,0.7692307692307693,0.8333333333333334,0.7803030303030303,0.9856459330143541,0.9859154929577464,0.9813084112149533,0.9905660377358491,0.9995420406667888,0.782608695652174,0.8148148148148148,0.7333333333333333,0.9166666666666666,0.875,0.9952153110047847,0.9952606635071091,1.0,0.9905660377358491,0.9999084081333578,0.8181818181818182,0.7777777777777778,1.0,0.6363636363636364,0.8512396694214877,0.9904761904761905,0.9906542056074766,0.9906542056074766,0.9906542056074766,0.9999092641321115,0.6363636363636364,0.6923076923076923,0.6,0.8181818181818182,0.756198347107438,1.0,1.0,1.0,1.0,1.0,18.12836500446565,0.30856980856558625,0.11446040161699976,0.07063027633980767,0.15431565163759933,0.10881820791884143,0.1284342448438281,0.14492939483428374,0.09533277955843207,0.14449947608554603,0.0047082303877990445,0.14995719277546404
11,1446.519680905342,3.3360782146453856,0.8189655172413793,0.8188389939317108,0.8599700586769552,0.7974137931034483,0.8644363897596656,0.9779764971870236,0.9777535284492554,0.9855419128861911,0.9707899841297831,0.9965423172383077,0.005,"{'l2': 0.05, 'l1': 0.0}","{'lr': 0.005, 'reg': <__main__.CustomL1L2Regularizer object at 0x7f2209191c90>}",17,20,12,29,22,0.7916666666666666,0.8,0.7692307692307693,0.8333333333333334,0.9166666666666667,0.9759615384615384,0.976303317535545,0.9809523809523809,0.9716981132075472,0.9954679985201629,0.875,0.8571428571428571,1.0,0.75,0.9652777777777778,0.9855769230769231,0.9857819905213271,0.9904761904761905,0.9811320754716981,0.9997225305216426,0.9166666666666666,0.9166666666666666,0.9166666666666666,0.9166666666666666,0.9375,0.9903846153846154,0.9906542056074767,0.9814814814814815,1.0,1.0,0.875,0.8695652173913043,0.9090909090909091,0.8333333333333334,0.9444444444444444,0.9903846153846154,0.9904761904761905,1.0,0.9811320754716981,1.0,0.782608695652174,0.7368421052631579,1.0,0.5833333333333334,0.8409090909090908,0.9090909090909091,0.9054726368159204,0.9578947368421052,0.8584905660377359,0.9707821945411247,0.8260869565217391,0.8181818181818182,0.9,0.75,0.787878787878788,0.9760765550239234,0.9758454106280194,1.0,0.9528301886792453,0.9994504488001466,0.8260869565217391,0.8333333333333334,0.8333333333333334,0.8333333333333334,0.7878787878787878,0.9904306220095693,0.9906542056074767,0.9814814814814815,1.0,1.0,0.8260869565217391,0.8333333333333334,0.8333333333333334,0.8333333333333334,0.9128787878787878,0.9904306220095693,0.9906542056074767,0.9814814814814815,1.0,1.0,0.8181818181818182,0.8181818181818182,0.8181818181818182,0.8181818181818182,0.8181818181818182,0.9904761904761905,0.9907407407407407,0.981651376146789,1.0,1.0,0.6363636363636364,0.6923076923076923,0.6,0.8181818181818182,0.7107438016528925,0.9809523809523809,0.9809523809523809,1.0,0.9626168224299065,1.0,8.279101916590957,0.2973944938598616,0.07086782674619806,0.060590461074691813,0.11081643706081297,0.08411115038788054,0.08025635109450802,0.023651410150462543,0.024768480790676308,0.012253504301172228,0.04077763681509034,0.008689318087592187
12,1459.4457209587097,3.755474591255188,0.7844827586206896,0.804168395322818,0.8055604417134591,0.8297413793103449,0.8288597178683387,0.9368144574723521,0.9533256557528305,0.9423665821553378,0.9811320754716981,0.9496599385500314,0.005,"{'l2': 0.01, 'l1': 0.0}","{'lr': 0.005, 'reg': <__main__.CustomL1L2Regularizer object at 0x7f2209191610>}",32,31,32,11,35,0.9166666666666666,0.9166666666666666,0.9166666666666666,0.9166666666666666,0.9722222222222223,0.9951923076923077,0.9952606635071091,1.0,0.9905660377358491,0.9999075101738809,0.8333333333333334,0.8181818181818182,0.9,0.75,0.8472222222222222,0.9903846153846154,0.9905660377358491,0.9905660377358491,0.9905660377358491,0.9999075101738809,0.875,0.8695652173913043,0.9090909090909091,0.8333333333333334,0.9166666666666666,0.9855769230769231,0.9859154929577464,0.9813084112149533,0.9905660377358491,0.9997225305216426,0.75,0.7272727272727272,0.8,0.6666666666666666,0.8611111111111112,0.9615384615384616,0.9607843137254902,1.0,0.9245283018867925,0.9991675915649278,0.8695652173913043,0.8571428571428571,1.0,0.75,0.8787878787878788,0.9569377990430622,0.9556650246305419,1.0,0.9150943396226415,0.9981681626671552,0.5217391304347826,0.6857142857142856,0.5217391304347826,1.0,0.5,0.507177033492823,0.673015873015873,0.507177033492823,1.0,0.5,0.7391304347826086,0.7692307692307692,0.7142857142857143,0.8333333333333334,0.7878787878787878,0.9904306220095693,0.9906542056074767,0.9814814814814815,1.0,0.9998168162667155,0.7391304347826086,0.7857142857142857,0.6875,0.9166666666666666,0.8712121212121212,0.9904306220095693,0.9906542056074767,0.9814814814814815,1.0,1.0,0.8636363636363636,0.8571428571428572,0.9,0.8181818181818182,0.8181818181818182,0.9904761904761905,0.9907407407407407,0.981651376146789,1.0,0.9999092641321115,0.7272727272727273,0.7500000000000001,0.6923076923076923,0.8181818181818182,0.8223140495867769,1.0,1.0,1.0,1.0,1.0,20.067488317658277,0.23365678460980988,0.10908187579541072,0.06893497719419271,0.13898034223795427,0.0920419939862344,0.11997582175158832,0.14383373567301097,0.09444966447914592,0.14529944458986022,0.031003163632367887,0.14988761341461002
13,1471.4225169658662,3.9453761100769045,0.8318965517241379,0.8377014792593187,0.8634872311596449,0.8304597701149427,0.8773510971786834,0.9889767907531066,0.9892685886876105,0.9836108314219822,0.9952830188679245,0.9997791019686865,0.005,"{'l2': 0.005, 'l1': 0.0}","{'lr': 0.005, 'reg': <__main__.CustomL1L2Regularizer object at 0x7f2209191c10>}",4,2,7,6,12,0.875,0.8695652173913043,0.9090909090909091,0.8333333333333334,0.9166666666666667,0.9903846153846154,0.9906542056074767,0.9814814814814815,1.0,0.9999075101738809,0.8333333333333334,0.8333333333333334,0.8333333333333334,0.8333333333333334,0.9027777777777778,0.9903846153846154,0.9905660377358491,0.9905660377358491,0.9905660377358491,0.9997225305216426,0.9583333333333334,0.9565217391304348,1.0,0.9166666666666666,0.9513888888888888,0.9807692307692307,0.9807692307692307,1.0,0.9622641509433962,0.9993525712171661,0.875,0.8695652173913043,0.9090909090909091,0.8333333333333334,0.9305555555555555,0.9951923076923077,0.9953051643192489,0.9906542056074766,1.0,0.9999075101738809,0.8695652173913043,0.8571428571428571,1.0,0.75,0.9166666666666667,0.9952153110047847,0.9953051643192489,0.9906542056074766,1.0,1.0,0.8260869565217391,0.8181818181818182,0.9,0.75,0.8712121212121212,0.9856459330143541,0.986046511627907,0.9724770642201835,1.0,0.9995420406667889,0.7391304347826086,0.7692307692307692,0.7142857142857143,0.8333333333333334,0.8181818181818182,0.9904306220095693,0.9906542056074767,0.9814814814814815,1.0,0.9999084081333578,0.7391304347826086,0.8,0.6666666666666666,1.0,0.8636363636363635,0.9665071770334929,0.9680365296803652,0.9380530973451328,1.0,0.9994504488001466,0.8636363636363636,0.8421052631578948,1.0,0.7272727272727273,0.8264462809917357,0.9952380952380953,0.9953488372093023,0.9907407407407407,1.0,1.0,0.7272727272727273,0.7500000000000001,0.6923076923076923,0.8181818181818182,0.7603305785123967,1.0,1.0,1.0,1.0,1.0,21.325532625882154,0.3058117851925688,0.07086730863141233,0.05554003777443566,0.12257680437273984,0.07700228231371792,0.056157439178650875,0.009097728410369502,0.00874046645994794,0.017158597272540436,0.011359994885653106,0.00023354336126744192
14,1489.9433691740037,4.028466439247131,0.7586206896551724,0.7911612990497232,0.7830635600032151,0.8469827586206896,0.8085978317659351,0.8959604211577897,0.9270480489701477,0.8971270392539452,0.9878063833539059,0.9218486422668082,0.005,"{'l2': 0.001, 'l1': 0.0}","{'lr': 0.005, 'reg': <__main__.CustomL1L2Regularizer object at 0x7f2209191c50>}",36,33,35,3,36,0.5,0.6666666666666666,0.5,1.0,0.548611111111111,0.5480769230769231,0.6928104575163399,0.53,1.0,0.7203107658157604,0.7916666666666666,0.8,0.7692307692307693,0.8333333333333334,0.9236111111111112,0.9903846153846154,0.9904761904761905,1.0,0.9811320754716981,1.0,0.875,0.8799999999999999,0.8461538461538461,0.9166666666666666,0.9097222222222222,0.9903846153846154,0.9906542056074767,0.9814814814814815,1.0,0.9999075101738809,0.7916666666666666,0.761904761904762,0.8888888888888888,0.6666666666666666,0.9652777777777778,0.9855769230769231,0.9857819905213271,0.9904761904761905,0.9811320754716981,0.9996300406955235,0.8695652173913043,0.8571428571428571,1.0,0.75,0.8939393939393939,0.9952153110047847,0.9953051643192489,0.9906542056074766,1.0,1.0,0.5217391304347826,0.6857142857142856,0.5217391304347826,1.0,0.5,0.507177033492823,0.673015873015873,0.507177033492823,1.0,0.5,0.782608695652174,0.7826086956521738,0.8181818181818182,0.75,0.8674242424242424,0.9952153110047847,0.9952606635071091,1.0,0.9905660377358491,0.9999084081333578,0.8260869565217391,0.8571428571428571,0.75,1.0,0.9318181818181818,0.9904306220095693,0.9906542056074767,0.9814814814814815,1.0,1.0,0.8636363636363636,0.8421052631578948,1.0,0.7272727272727273,0.8264462809917356,0.9571428571428572,0.9565217391304348,0.99,0.9252336448598131,0.99872969784956,0.7727272727272727,0.7826086956521738,0.75,0.8181818181818182,0.7107438016528926,1.0,1.0,1.0,1.0,1.0,16.72454242200393,0.30166061254824555,0.13000877139130854,0.06886386334115732,0.16159097307672587,0.11938282912891038,0.15782246650747994,0.1847251024341321,0.12266481450196406,0.1894491841278963,0.02214534214647027,0.16344769439916604
15,1504.145028090477,4.459639024734497,0.8318965517241379,0.831223308088494,0.8609979101358411,0.8132183908045978,0.875914315569488,0.9880060290586605,0.9882401163593384,0.9860139254999067,0.9905836713101746,0.9996494240320072,0.005,"{'l2': 0.0, 'l1': 0.5}","{'lr': 0.005, 'reg': <__main__.CustomL1L2Regularizer object at 0x7f2209191b90>}",4,9,11,17,15,0.9166666666666666,0.9166666666666666,0.9166666666666666,0.9166666666666666,0.9444444444444444,0.9711538461538461,0.9714285714285713,0.9807692307692307,0.9622641509433962,0.9990751017388088,0.75,0.75,0.75,0.75,0.8819444444444445,0.9903846153846154,0.9906542056074767,0.9814814814814815,1.0,1.0,0.8333333333333334,0.8333333333333334,0.8333333333333334,0.8333333333333334,0.9236111111111112,0.9903846153846154,0.9906542056074767,0.9814814814814815,1.0,0.9999075101738809,0.875,0.8695652173913043,0.9090909090909091,0.8333333333333334,0.9166666666666666,0.9711538461538461,0.9719626168224299,0.9629629629629629,0.9811320754716981,0.9981502034776175,0.8695652173913043,0.8571428571428571,1.0,0.75,0.8939393939393939,0.9856459330143541,0.9859154929577464,0.9813084112149533,0.9905660377358491,0.9998168162667155,0.8260869565217391,0.8181818181818182,0.9,0.75,0.8030303030303031,0.9952153110047847,0.9952606635071091,1.0,0.9905660377358491,1.0,0.8260869565217391,0.8333333333333334,0.8333333333333334,0.8333333333333334,0.8939393939393939,0.9904306220095693,0.9906542056074767,0.9814814814814815,1.0,0.9999084081333578,0.8695652173913043,0.888888888888889,0.8,1.0,0.9242424242424242,0.9952153110047847,0.9953051643192489,0.9906542056074766,1.0,0.9999084081333578,0.8636363636363636,0.8421052631578948,1.0,0.7272727272727273,0.859504132231405,0.9904761904761905,0.9905660377358491,1.0,0.9813084112149533,0.9997277923963342,0.6818181818181818,0.6956521739130435,0.6666666666666666,0.7272727272727273,0.7024793388429752,1.0,1.0,1.0,1.0,1.0,22.345864956670663,0.44018707084286784,0.06441298361892799,0.06130195717322404,0.09918649677833107,0.08541850395651873,0.06780307136300548,0.00919054250944086,0.00901875904550029,0.011184756353927123,0.011919291922728958,0.0005640154822406417
16,1522.94838180542,4.733219814300537,0.8189655172413793,0.820212986506583,0.8411227422003285,0.8132183908045978,0.8783143939393938,0.9889675675201991,0.9891747232425209,0.9859786863575171,0.9924528301886791,0.9995843303620777,0.005,"{'l2': 0.0, 'l1': 0.1}","{'lr': 0.005, 'reg': <__main__.CustomL1L2Regularizer object at 0x7f2209191d90>}",17,18,19,17,10,0.875,0.8799999999999999,0.8461538461538461,0.9166666666666666,0.9513888888888888,0.9903846153846154,0.9905660377358491,0.9905660377358491,0.9905660377358491,0.9999075101738809,0.8333333333333334,0.8461538461538461,0.7857142857142857,0.9166666666666666,0.8749999999999999,0.9759615384615384,0.976303317535545,0.9809523809523809,0.9716981132075472,0.9976877543470218,0.9166666666666666,0.9090909090909091,1.0,0.8333333333333334,0.9166666666666666,0.9759615384615384,0.976303317535545,0.9809523809523809,0.9716981132075472,0.9987976322604514,0.7083333333333334,0.6666666666666666,0.7777777777777778,0.5833333333333334,0.892361111111111,0.9903846153846154,0.9906542056074767,0.9814814814814815,1.0,0.9999075101738809,0.9130434782608695,0.9090909090909091,1.0,0.8333333333333334,0.9015151515151515,0.9952153110047847,0.9953051643192489,0.9906542056074766,1.0,1.0,0.7391304347826086,0.75,0.75,0.75,0.8636363636363636,0.9904306220095693,0.9906542056074767,0.9814814814814815,1.0,0.9999084081333578,0.782608695652174,0.8,0.7692307692307693,0.8333333333333334,0.8295454545454545,0.9904306220095693,0.9905660377358491,0.9905660377358491,0.9905660377358491,0.9998168162667155,0.782608695652174,0.8148148148148148,0.7333333333333333,0.9166666666666666,0.8863636363636362,0.9904306220095693,0.9906542056074767,0.9814814814814815,1.0,0.9999084081333578,0.8636363636363636,0.8421052631578948,1.0,0.7272727272727273,0.859504132231405,0.9904761904761905,0.9907407407407407,0.981651376146789,1.0,0.9999092641321115,0.7727272727272727,0.7826086956521738,0.75,0.8181818181818182,0.7975206611570248,1.0,1.0,1.0,1.0,1.0,18.935634097686794,0.5434964436520353,0.06901554509590654,0.07204367617652818,0.10731923251112911,0.09981520206115777,0.041177647990284894,0.007153852295512086,0.007064032994447725,0.006248783582878965,0.011001796028009998,0.0007169401520156483
17,1542.5265354156495,5.029258775711059,0.7801724137931034,0.7993910151706253,0.8014237199582027,0.822198275862069,0.859260710553814,0.9346660357186674,0.9507902706630731,0.9406951723018903,0.9783018867924529,0.9474435093693092,0.005,"{'l2': 0.0, 'l1': 0.05}","{'lr': 0.005, 'reg': <__main__.CustomL1L2Regularizer object at 0x7f22091915d0>}",34,32,34,12,29,0.8333333333333334,0.8333333333333334,0.8333333333333334,0.8333333333333334,0.9513888888888888,0.9903846153846154,0.9905660377358491,0.9905660377358491,0.9905660377358491,0.9998150203477617,0.7916666666666666,0.8,0.7692307692307693,0.8333333333333334,0.8958333333333334,0.9759615384615384,0.9767441860465116,0.963302752293578,0.9905660377358491,0.9991675915649278,0.875,0.8695652173913043,0.9090909090909091,0.8333333333333334,0.8819444444444444,0.9951923076923077,0.9953051643192489,0.9906542056074766,1.0,0.9999075101738809,0.7916666666666666,0.7826086956521738,0.8181818181818182,0.75,0.923611111111111,1.0,1.0,1.0,1.0,1.0,0.8695652173913043,0.8571428571428571,1.0,0.75,0.9545454545454546,0.9952153110047847,0.9953051643192489,0.9906542056074766,1.0,1.0,0.8260869565217391,0.8181818181818182,0.9,0.75,0.8863636363636364,0.9904306220095693,0.9906542056074767,0.9814814814814815,1.0,0.9999084081333578,0.8695652173913043,0.8695652173913043,0.9090909090909091,0.8333333333333334,0.9015151515151514,0.9186602870813397,0.9128205128205129,1.0,0.839622641509434,0.976918849606155,0.782608695652174,0.8148148148148148,0.7333333333333333,0.9166666666666666,0.9393939393939393,0.9712918660287081,0.9714285714285713,0.9807692307692307,0.9622641509433962,0.9987177138670086,0.5,0.6666666666666666,0.5,1.0,0.5,0.5095238095238095,0.6750788643533123,0.5095238095238095,1.0,0.5,0.6363636363636364,0.6666666666666667,0.6153846153846154,0.7272727272727273,0.7272727272727272,1.0,1.0,1.0,1.0,1.0,21.556981068737283,0.38668827440394515,0.11157380045333866,0.06982932396725702,0.14078345648553459,0.0797532192298339,0.13105619243957886,0.1435722165999966,0.09515020685994033,0.1441247379644528,0.047555030796711535,0.14930280665540208
18,1562.0570056438446,5.331969523429871,0.8318965517241379,0.8330545238908491,0.8557713837886252,0.8218390804597702,0.8606974921630094,0.9885005783689994,0.988731629940039,0.9870258377241272,0.9905924880973374,0.999797771133661,0.001,"{'l2': 0.5, 'l1': 0.0}","{'lr': 0.001, 'reg': <__main__.CustomL1L2Regularizer object at 0x7f2209617ad0>}",4,7,14,13,28,0.875,0.8695652173913043,0.9090909090909091,0.8333333333333334,0.923611111111111,0.9855769230769231,0.9857819905213271,0.9904761904761905,0.9811320754716981,0.9994450610432852,0.8333333333333334,0.8461538461538461,0.7857142857142857,0.9166666666666666,0.9375,0.9855769230769231,0.9859154929577464,0.9813084112149533,0.9905660377358491,0.9996300406955234,0.9166666666666666,0.9090909090909091,1.0,0.8333333333333334,0.9374999999999999,0.9903846153846154,0.9904761904761905,1.0,0.9811320754716981,1.0,0.7916666666666666,0.7826086956521738,0.8181818181818182,0.75,0.8888888888888888,0.9903846153846154,0.9906542056074767,0.9814814814814815,1.0,1.0,0.8695652173913043,0.8695652173913043,0.9090909090909091,0.8333333333333334,0.8636363636363635,0.9904306220095693,0.9906542056074767,0.9814814814814815,1.0,0.9998168162667155,0.782608695652174,0.7826086956521738,0.8181818181818182,0.75,0.8106060606060606,0.9856459330143541,0.9859154929577464,0.9813084112149533,0.9905660377358491,0.9998168162667155,0.7391304347826086,0.75,0.75,0.75,0.8181818181818182,0.9904306220095693,0.9905660377358491,0.9905660377358491,0.9905660377358491,0.9999084081333578,0.8260869565217391,0.8571428571428571,0.75,1.0,0.8712121212121212,0.9808612440191388,0.9814814814814815,0.9636363636363636,1.0,0.9995420406667888,0.8636363636363636,0.8421052631578948,1.0,0.7272727272727273,0.8264462809917356,0.9904761904761905,0.9905660377358491,1.0,0.9813084112149533,0.9999092641321115,0.8181818181818182,0.8181818181818182,0.8181818181818182,0.8181818181818182,0.7107438016528925,0.9952380952380953,0.9953051643192489,1.0,0.9906542056074766,0.9999092641321115,19.47519022100714,0.3307977585507614,0.04954358880143794,0.046599984728196785,0.08858132240626473,0.08077055034211349,0.06629782100231468,0.0038399277931283095,0.0037081508112976084,0.010969730227709388,0.007284934084567077,0.0001837270708071891
19,1575.2926100969314,5.804947781562805,0.8405172413793104,0.840761824382514,0.861755485893417,0.8301005747126438,0.8762245297805644,0.9846567248540932,0.9850439748218968,0.9816500970068149,0.9886880620701817,0.99962212606391,0.001,"{'l2': 0.1, 'l1': 0.0}","{'lr': 0.001, 'reg': <__main__.CustomL1L2Regularizer object at 0x7f220f30e690>}",1,1,9,10,14,0.8333333333333334,0.8461538461538461,0.7857142857142857,0.9166666666666666,0.9166666666666666,0.9615384615384616,0.963302752293578,0.9375,0.9905660377358491,0.9982426933037366,0.75,0.7272727272727272,0.8,0.6666666666666666,0.875,0.9855769230769231,0.9859154929577464,0.9813084112149533,0.9905660377358491,0.9996300406955235,0.9166666666666666,0.9166666666666666,0.9166666666666666,0.9166666666666666,0.9027777777777778,0.9903846153846154,0.9904761904761905,1.0,0.9811320754716981,0.9998150203477617,0.875,0.8571428571428571,1.0,0.75,0.9375,0.9807692307692307,0.9809523809523809,0.9903846153846154,0.9716981132075472,0.9996300406955234,0.8695652173913043,0.8695652173913043,0.9090909090909091,0.8333333333333334,0.8636363636363635,0.9760765550239234,0.9767441860465116,0.963302752293578,0.9905660377358491,0.9994504488001466,0.782608695652174,0.7826086956521738,0.8181818181818182,0.75,0.8863636363636364,0.9904306220095693,0.9906542056074767,0.9814814814814815,1.0,1.0,0.7391304347826086,0.7692307692307692,0.7142857142857143,0.8333333333333334,0.8560606060606061,0.9856459330143541,0.9857819905213271,0.9904761904761905,0.9811320754716981,0.9998168162667155,0.9130434782608695,0.923076923076923,0.8571428571428571,1.0,0.9128787878787878,0.9904306220095693,0.9905660377358491,0.9905660377358491,0.9905660377358491,0.9999084081333578,0.9090909090909091,0.9,1.0,0.8181818181818182,0.8512396694214877,0.9857142857142858,0.986046511627907,0.9814814814814815,0.9906542056074766,0.9997277923963342,0.8181818181818182,0.8181818181818182,0.8181818181818182,0.8181818181818182,0.7479338842975207,1.0,1.0,1.0,1.0,1.0,21.409088166498343,0.7016292889861231,0.06344810117150564,0.06274391804877195,0.08855773518624306,0.0922177478176365,0.049497722321701985,0.009803215567805244,0.009358296888601045,0.017869396607980873,0.008226402613394197,0.0004884921499449866
20,1593.383979010582,6.349369096755981,0.8275862068965517,0.8262922571965249,0.8662479353529048,0.8045977011494254,0.8787552246603971,0.9832304318488531,0.9833993329096582,0.9859657086682384,0.9811761594075119,0.999521798813908,0.001,"{'l2': 0.05, 'l1': 0.0}","{'lr': 0.001, 'reg': <__main__.CustomL1L2Regularizer object at 0x7f2209191c90>}",10,11,5,26,9,0.9583333333333334,0.9565217391304348,1.0,0.9166666666666666,0.9583333333333333,0.9903846153846154,0.9905660377358491,0.9905660377358491,0.9905660377358491,0.9998150203477618,0.7916666666666666,0.7826086956521738,0.8181818181818182,0.75,0.8888888888888888,0.9807692307692307,0.9811320754716981,0.9811320754716981,0.9811320754716981,0.999260081391047,0.9166666666666666,0.9166666666666666,0.9166666666666666,0.9166666666666666,0.9375,0.9855769230769231,0.9857819905213271,0.9904761904761905,0.9811320754716981,0.9997225305216426,0.8333333333333334,0.8,1.0,0.6666666666666666,0.9027777777777778,0.9615384615384616,0.9611650485436893,0.99,0.9339622641509434,0.9984276729559749,0.8695652173913043,0.8571428571428571,1.0,0.75,0.8787878787878788,0.9904306220095693,0.9905660377358491,0.9905660377358491,0.9905660377358491,0.9999084081333578,0.7391304347826086,0.75,0.75,0.75,0.8712121212121212,0.9856459330143541,0.9859154929577464,0.9813084112149533,0.9905660377358491,0.9994504488001466,0.782608695652174,0.8,0.7692307692307693,0.8333333333333334,0.8787878787878787,0.9952153110047847,0.9953051643192489,0.9906542056074766,1.0,0.9999084081333578,0.782608695652174,0.8275862068965517,0.7058823529411765,1.0,0.9090909090909091,0.9760765550239234,0.9767441860465116,0.963302752293578,0.9905660377358491,0.9995420406667888,0.8181818181818182,0.7999999999999999,0.8888888888888888,0.7272727272727273,0.8099173553719008,0.9904761904761905,0.9907407407407407,0.981651376146789,1.0,0.9996370565284457,0.7727272727272727,0.761904761904762,0.8,0.7272727272727273,0.7355371900826447,0.9761904761904762,0.9760765550239235,1.0,0.9532710280373832,0.9995463206605572,17.136777358212264,0.9155537361590675,0.06611725767117094,0.063773501609315,0.10613184809697472,0.1023090865812211,0.059780394622664726,0.009422537396291578,0.009527824718161099,0.009355035171908633,0.020172271459247878,0.0004135455524363277
21,1613.0898286104202,6.350160264968872,0.8146551724137931,0.8228791340260606,0.8267798831915212,0.8304597701149427,0.8729917711598745,0.9889721681826945,0.9892579750793272,0.9843585267831433,0.9943484394286722,0.9997879833753629,0.001,"{'l2': 0.01, 'l1': 0.0}","{'lr': 0.001, 'reg': <__main__.CustomL1L2Regularizer object at 0x7f2209191610>}",20,14,27,6,17,0.9166666666666666,0.9166666666666666,0.9166666666666666,0.9166666666666666,0.9444444444444444,0.9903846153846154,0.9905660377358491,0.9905660377358491,0.9905660377358491,0.9998150203477618,0.7916666666666666,0.7826086956521738,0.8181818181818182,0.75,0.923611111111111,0.9903846153846154,0.9905660377358491,0.9905660377358491,0.9905660377358491,0.9997225305216426,0.7916666666666666,0.8148148148148148,0.7333333333333333,0.9166666666666666,0.9236111111111112,0.9711538461538461,0.9722222222222223,0.9545454545454546,0.9905660377358491,0.9989826119126896,0.7916666666666666,0.7826086956521738,0.8181818181818182,0.75,0.8472222222222221,0.9903846153846154,0.9906542056074767,0.9814814814814815,1.0,0.9999075101738809,0.9130434782608695,0.9090909090909091,1.0,0.8333333333333334,0.9090909090909092,0.9952153110047847,0.9953051643192489,0.9906542056074766,1.0,0.9999084081333578,0.782608695652174,0.7826086956521738,0.8181818181818182,0.75,0.8636363636363636,0.9904306220095693,0.9904761904761905,1.0,0.9811320754716981,0.9999084081333578,0.8260869565217391,0.8333333333333334,0.8333333333333334,0.8333333333333334,0.8787878787878787,0.9904306220095693,0.9906542056074767,0.9814814814814815,1.0,1.0,0.7391304347826086,0.7857142857142857,0.6875,0.9166666666666666,0.8749999999999999,0.9808612440191388,0.9814814814814815,0.9636363636363636,1.0,0.9998168162667155,0.9090909090909091,0.9,1.0,0.8181818181818182,0.8429752066115702,0.9904761904761905,0.9906542056074766,0.9906542056074766,0.9906542056074766,0.9998185282642229,0.6818181818181818,0.7200000000000001,0.6428571428571429,0.8181818181818182,0.706611570247934,1.0,1.0,1.0,1.0,1.0,19.829694994477673,0.29421660126206456,0.07348085371038024,0.06217105055823332,0.11276955067979214,0.06546571926035227,0.06307991187897997,0.007459027262872241,0.007165227203854815,0.014072778680944859,0.006252519587521641,0.0002808194421990208
22,1630.240853524208,6.7760924100875854,0.8146551724137931,0.8124955031970899,0.8560306410965641,0.7877155172413793,0.8732366771159875,0.9808311644495855,0.9813139065469052,0.9810642917105621,0.9821283724210899,0.9993199979469457,0.001,"{'l2': 0.005, 'l1': 0.0}","{'lr': 0.001, 'reg': <__main__.CustomL1L2Regularizer object at 0x7f2209191c10>}",20,25,13,32,16,0.7083333333333334,0.7586206896551724,0.6470588235294118,0.9166666666666666,0.9444444444444444,0.9471153846153846,0.9506726457399104,0.905982905982906,1.0,0.9975027746947837,0.75,0.7000000000000001,0.875,0.5833333333333334,0.8958333333333333,0.9807692307692307,0.9809523809523809,0.9903846153846154,0.9716981132075472,0.9992600813910469,0.875,0.8695652173913043,0.9090909090909091,0.8333333333333334,0.9166666666666666,0.9807692307692307,0.9809523809523809,0.9903846153846154,0.9716981132075472,0.9996300406955234,0.8333333333333334,0.8181818181818182,0.9,0.75,0.9305555555555555,0.9903846153846154,0.9905660377358491,0.9905660377358491,0.9905660377358491,0.9999075101738809,0.9130434782608695,0.9090909090909091,1.0,0.8333333333333334,0.8863636363636364,0.9904306220095693,0.9905660377358491,0.9905660377358491,0.9905660377358491,0.9999084081333578,0.782608695652174,0.7826086956521738,0.8181818181818182,0.75,0.8787878787878788,0.9952153110047847,0.9953051643192489,0.9906542056074766,1.0,1.0,0.7391304347826086,0.75,0.75,0.75,0.8257575757575757,0.9904306220095693,0.9905660377358491,0.9905660377358491,0.9905660377358491,0.9998168162667155,0.9130434782608695,0.9166666666666666,0.9166666666666666,0.9166666666666666,0.8636363636363635,0.9712918660287081,0.9714285714285713,0.9807692307692307,0.9622641509433962,0.9986261220003664,0.8636363636363636,0.8421052631578948,1.0,0.7272727272727273,0.8429752066115703,0.9666666666666667,0.966824644549763,0.9807692307692307,0.9532710280373832,0.9985482261137828,0.7727272727272727,0.7826086956521738,0.75,0.8181818181818182,0.731404958677686,0.9952380952380953,0.9953051643192489,1.0,0.9906542056074766,1.0,18.572101016667716,0.5461529920645549,0.07067898204207693,0.06777992671726356,0.10841360741002307,0.09473731147151519,0.05796143055464007,0.014554805446040644,0.013766347415685396,0.025558760730993224,0.015394728962766394,0.0007963757675222571
23,1635.7246833086015,6.79032335281372,0.8146551724137931,0.8184804731534815,0.8395583174994938,0.8128591954022989,0.8615628265412749,0.9856067616593933,0.9858153521274625,0.986885026951691,0.9849144771645213,0.9992978812889515,0.001,"{'l2': 0.001, 'l1': 0.0}","{'lr': 0.001, 'reg': <__main__.CustomL1L2Regularizer object at 0x7f2209191c50>}",20,21,21,20,26,0.9166666666666666,0.9090909090909091,1.0,0.8333333333333334,0.9305555555555556,0.9663461538461539,0.966183574879227,0.9900990099009901,0.9433962264150944,0.9959304476507584,0.75,0.75,0.75,0.75,0.8402777777777778,0.9711538461538461,0.9719626168224299,0.9629629629629629,0.9811320754716981,0.998520162782094,0.9166666666666666,0.9166666666666666,0.9166666666666666,0.9166666666666666,0.9027777777777777,0.9855769230769231,0.9857819905213271,0.9904761904761905,0.9811320754716981,0.9997225305216426,0.7916666666666666,0.761904761904762,0.8888888888888888,0.6666666666666666,0.888888888888889,0.9807692307692307,0.9811320754716981,0.9811320754716981,0.9811320754716981,0.9995375508694043,0.9130434782608695,0.9090909090909091,1.0,0.8333333333333334,0.9242424242424242,0.9952153110047847,0.9953051643192489,0.9906542056074766,1.0,1.0,0.782608695652174,0.7826086956521738,0.8181818181818182,0.75,0.8863636363636362,0.9952153110047847,0.9952606635071091,1.0,0.9905660377358491,0.9999084081333578,0.782608695652174,0.8,0.7692307692307693,0.8333333333333334,0.8068181818181819,0.9904306220095693,0.9905660377358491,0.9905660377358491,0.9905660377358491,0.9999084081333578,0.782608695652174,0.8275862068965517,0.7058823529411765,1.0,0.9090909090909091,0.9856459330143541,0.9859154929577464,0.9813084112149533,0.9905660377358491,0.9995420406667888,0.8181818181818182,0.7999999999999999,0.8888888888888888,0.7272727272727273,0.8181818181818182,0.9952380952380953,0.9953051643192489,1.0,0.9906542056074766,0.9999092641321115,0.6818181818181818,0.7200000000000001,0.6428571428571429,0.8181818181818182,0.694214876033058,0.9904761904761905,0.9907407407407407,0.981651376146789,1.0,1.0,17.556436933802964,0.4217034168522717,0.07469768025509416,0.06781250984410664,0.11453535459105847,0.0917709904689655,0.06780789243708829,0.009631479133679132,0.009567677980803345,0.010289990603207459,0.015331652633367466,0.0011977918879817495
24,1650.4003474473952,6.868890166282654,0.8060344827586207,0.8093465355234472,0.8253556788039546,0.8056752873563218,0.8466725444096134,0.979860556110556,0.9803136974969503,0.9787084503979087,0.9830188679245282,0.9993184403649,0.001,"{'l2': 0.0, 'l1': 0.5}","{'lr': 0.001, 'reg': <__main__.CustomL1L2Regularizer object at 0x7f2209191b90>}",29,29,28,21,32,0.8333333333333334,0.8461538461538461,0.7857142857142857,0.9166666666666666,0.9305555555555555,0.9855769230769231,0.986046511627907,0.9724770642201835,1.0,0.9993525712171661,0.7916666666666666,0.7826086956521738,0.8181818181818182,0.75,0.8888888888888888,0.9903846153846154,0.9905660377358491,0.9905660377358491,0.9905660377358491,0.9997225305216426,0.9166666666666666,0.9166666666666666,0.9166666666666666,0.9166666666666666,0.923611111111111,0.9855769230769231,0.986046511627907,0.9724770642201835,1.0,1.0,0.7916666666666666,0.8,0.7692307692307693,0.8333333333333334,0.8194444444444444,0.9375,0.9417040358744395,0.8974358974358975,0.9905660377358491,0.9968553459119498,0.8695652173913043,0.8571428571428571,1.0,0.75,0.8636363636363635,0.9760765550239234,0.9758454106280194,1.0,0.9528301886792453,0.9998168162667155,0.782608695652174,0.761904761904762,0.8888888888888888,0.6666666666666666,0.7954545454545454,0.9569377990430622,0.9556650246305419,1.0,0.9150943396226415,0.9980765708005129,0.782608695652174,0.8,0.7692307692307693,0.8333333333333334,0.8106060606060606,0.9904306220095693,0.9904761904761905,1.0,0.9811320754716981,0.9999084081333578,0.782608695652174,0.8,0.7692307692307693,0.8333333333333334,0.875,0.9856459330143541,0.986046511627907,0.9724770642201835,1.0,0.9996336325334311,0.8181818181818182,0.7999999999999999,0.8888888888888888,0.7272727272727273,0.8264462809917356,0.9904761904761905,0.9907407407407407,0.981651376146789,1.0,0.9998185282642229,0.6818181818181818,0.7200000000000001,0.6428571428571429,0.8181818181818182,0.71900826446281,1.0,1.0,1.0,1.0,1.0,15.795447451953683,0.21703738506830064,0.058535936442022755,0.05144731316297092,0.09458248401048246,0.07694780760109021,0.06068560969957147,0.017815115683531748,0.017092350882134545,0.029469139643573436,0.026616482980501663,0.0009822652217621748
25,1667.1689587593078,7.323325347900391,0.8318965517241379,0.8363745886796861,0.8520342265493127,0.8308189655172413,0.8713917189132705,0.9684299910615699,0.967170439381525,0.9851781006244501,0.9528654558278964,0.9958841406358285,0.001,"{'l2': 0.0, 'l1': 0.1}","{'lr': 0.001, 'reg': <__main__.CustomL1L2Regularizer object at 0x7f2209191d90>}",4,3,16,5,18,0.9166666666666666,0.9166666666666666,0.9166666666666666,0.9166666666666666,0.9513888888888888,0.9903846153846154,0.9904761904761905,1.0,0.9811320754716981,0.9999075101738809,0.7083333333333334,0.7199999999999999,0.6923076923076923,0.75,0.8680555555555556,0.9903846153846154,0.9905660377358491,0.9905660377358491,0.9905660377358491,0.9996300406955234,0.875,0.8695652173913043,0.9090909090909091,0.8333333333333334,0.923611111111111,0.9903846153846154,0.9904761904761905,1.0,0.9811320754716981,0.9998150203477618,0.875,0.8799999999999999,0.8461538461538461,0.9166666666666666,0.9374999999999999,0.9903846153846154,0.9905660377358491,0.9905660377358491,0.9905660377358491,0.9996300406955235,0.9130434782608695,0.9090909090909091,1.0,0.8333333333333334,0.8636363636363635,0.9952153110047847,0.9953051643192489,0.9906542056074766,1.0,1.0,0.8695652173913043,0.8571428571428571,1.0,0.75,0.9166666666666666,0.9090909090909091,0.9025641025641026,0.9887640449438202,0.8301886792452831,0.9954204066678879,0.782608695652174,0.7826086956521738,0.8181818181818182,0.75,0.8106060606060606,0.8995215311004785,0.8900523560209425,1.0,0.8018867924528302,0.9723392562740429,0.7391304347826086,0.7857142857142857,0.6875,0.9166666666666666,0.8522727272727273,0.9760765550239234,0.9767441860465116,0.963302752293578,0.9905660377358491,0.999267265066862,0.8636363636363636,0.8571428571428572,0.9,0.8181818181818182,0.8677685950413223,0.9428571428571428,0.944954128440367,0.9279279279279279,0.9626168224299065,0.9928318664368025,0.7727272727272727,0.7826086956521738,0.75,0.8181818181818182,0.7066115702479339,1.0,1.0,1.0,1.0,1.0,14.433880132154604,0.4374002110122059,0.07086730863141229,0.06165850399039867,0.10842319947588018,0.06525153460371012,0.06771362205461309,0.03553038693082917,0.038414535719992454,0.02176183447656434,0.06945831351769362,0.008178765104708111
26,1674.4788354158402,7.439382600784302,0.8146551724137931,0.8118531674472453,0.8441797905159973,0.7880747126436781,0.8578239289446186,0.9889858825385142,0.9892376192109665,0.9881740066781022,0.9905660377358491,0.9997245580637886,0.001,"{'l2': 0.0, 'l1': 0.05}","{'lr': 0.001, 'reg': <__main__.CustomL1L2Regularizer object at 0x7f22091915d0>}",20,28,18,31,30,0.9166666666666666,0.9166666666666666,0.9166666666666666,0.9166666666666666,0.9444444444444444,0.9855769230769231,0.9859154929577464,0.9813084112149533,0.9905660377358491,0.9998150203477617,0.75,0.7272727272727272,0.8,0.6666666666666666,0.9236111111111112,0.9903846153846154,0.9906542056074767,0.9814814814814815,1.0,0.9998150203477617,0.875,0.8695652173913043,0.9090909090909091,0.8333333333333334,0.9027777777777777,0.9855769230769231,0.985645933014354,1.0,0.9716981132075472,0.9992600813910469,0.7916666666666666,0.7826086956521738,0.8181818181818182,0.75,0.8819444444444444,0.9903846153846154,0.9904761904761905,1.0,0.9811320754716981,0.9996300406955234,0.8695652173913043,0.8571428571428571,1.0,0.75,0.8712121212121212,0.9904306220095693,0.9904761904761905,1.0,0.9811320754716981,0.9999084081333578,0.782608695652174,0.7826086956521738,0.8181818181818182,0.75,0.8787878787878788,0.9904306220095693,0.9906542056074767,0.9814814814814815,1.0,0.9998168162667155,0.7391304347826086,0.75,0.75,0.75,0.7727272727272727,0.9952153110047847,0.9952606635071091,1.0,0.9905660377358491,0.9999084081333578,0.8260869565217391,0.8461538461538461,0.7857142857142857,0.9166666666666666,0.856060606060606,0.9904306220095693,0.9905660377358491,0.9905660377358491,0.9905660377358491,0.9999084081333578,0.8181818181818182,0.7999999999999999,0.8888888888888888,0.7272727272727273,0.8099173553719008,0.9714285714285714,0.9727272727272728,0.9469026548672567,1.0,0.9991833771890029,0.7727272727272727,0.7826086956521738,0.75,0.8181818181818182,0.71900826446281,1.0,1.0,1.0,1.0,1.0,11.053483208101394,0.2106408363009157,0.055564212059865115,0.05646263386684996,0.07729295555558863,0.07813004808994914,0.06570869779566756,0.007083731140238517,0.006763729916275678,0.015953159784826584,0.009433962264150943,0.0002682718922613858
27,1692.1121585845947,7.885406732559204,0.8146551724137931,0.8198000565940281,0.8403537913236189,0.8132183908045978,0.8684691745036573,0.9732304537567696,0.9746780535581923,0.9652827862993762,0.9858755069652618,0.9991647885886168,0.0005,"{'l2': 0.5, 'l1': 0.0}","{'lr': 0.0005, 'reg': <__main__.CustomL1L2Regularizer object at 0x7f2209617ad0>}",20,19,20,17,20,0.9166666666666666,0.9166666666666666,0.9166666666666666,0.9166666666666666,0.9305555555555555,0.9807692307692307,0.9813084112149533,0.9722222222222222,0.9905660377358491,0.9987976322604514,0.7916666666666666,0.761904761904762,0.8888888888888888,0.6666666666666666,0.9027777777777778,0.9759615384615384,0.9758454106280194,1.0,0.9528301886792453,0.9989826119126897,0.9166666666666666,0.9166666666666666,0.9166666666666666,0.9166666666666666,0.9166666666666666,0.9855769230769231,0.986046511627907,0.9724770642201835,1.0,0.9992600813910469,0.7916666666666666,0.7826086956521738,0.8181818181818182,0.75,0.875,0.9807692307692307,0.9813084112149533,0.9722222222222222,0.9905660377358491,0.9988901220865706,0.8695652173913043,0.8695652173913043,0.9090909090909091,0.8333333333333334,0.8939393939393939,0.9808612440191388,0.9813084112149533,0.9722222222222222,0.9905660377358491,0.999267265066862,0.782608695652174,0.7826086956521738,0.8181818181818182,0.75,0.8787878787878788,0.9904306220095693,0.9905660377358491,0.9905660377358491,0.9905660377358491,0.9999084081333578,0.7391304347826086,0.7692307692307692,0.7142857142857143,0.8333333333333334,0.856060606060606,0.9904306220095693,0.9905660377358491,0.9905660377358491,0.9905660377358491,0.9999084081333578,0.8695652173913043,0.8799999999999999,0.8461538461538461,0.9166666666666666,0.8863636363636364,0.9760765550239234,0.9765258215962441,0.9719626168224299,0.9811320754716981,0.9989924894669353,0.8636363636363636,0.8421052631578948,1.0,0.7272727272727273,0.8347107438016529,0.9761904761904762,0.9765258215962441,0.9811320754716981,0.9719626168224299,0.9989111695853371,0.5909090909090909,0.6666666666666666,0.5625,0.8181818181818182,0.6942148760330579,0.8952380952380953,0.9067796610169491,0.8294573643410853,1.0,0.99872969784956,10.37517717685848,0.16810343026964866,0.09220785132029516,0.0754817385787838,0.11547008363818367,0.08419923600674148,0.06224627877244986,0.026501228262930037,0.02320423619723268,0.04628645680363819,0.013479872835493083,0.0004064811848917515
28,1704.5197837114333,8.259944105148316,0.8275862068965517,0.8215852869020035,0.862958999812448,0.7877155172413793,0.8638975966562173,0.9779672520461995,0.9778044943958275,0.9961719833564494,0.9604478927878681,0.999484823863822,0.0005,"{'l2': 0.1, 'l1': 0.0}","{'lr': 0.0005, 'reg': <__main__.CustomL1L2Regularizer object at 0x7f220f30e690>}",10,16,8,32,23,0.9583333333333334,0.9565217391304348,1.0,0.9166666666666666,0.9444444444444444,0.9855769230769231,0.985645933014354,1.0,0.9716981132075472,0.9997225305216426,0.7916666666666666,0.7826086956521738,0.8181818181818182,0.75,0.8888888888888888,0.9855769230769231,0.9857819905213271,0.9904761904761905,0.9811320754716981,0.999352571217166,0.875,0.8695652173913043,0.9090909090909091,0.8333333333333334,0.8958333333333333,0.9663461538461539,0.9658536585365853,1.0,0.9339622641509434,0.9988901220865705,0.7083333333333334,0.6666666666666666,0.7777777777777778,0.5833333333333334,0.8680555555555556,0.9759615384615384,0.9760765550239234,0.9902912621359223,0.9622641509433962,0.999352571217166,0.9130434782608695,0.9090909090909091,1.0,0.8333333333333334,0.8636363636363635,0.9808612440191388,0.9807692307692307,1.0,0.9622641509433962,1.0,0.782608695652174,0.7826086956521738,0.8181818181818182,0.75,0.8863636363636362,0.9856459330143541,0.9857819905213271,0.9904761904761905,0.9811320754716981,0.9995420406667888,0.7391304347826086,0.75,0.75,0.75,0.8106060606060606,0.9521531100478469,0.9504950495049505,1.0,0.9056603773584906,0.9987177138670086,0.8695652173913043,0.8799999999999999,0.8461538461538461,0.9166666666666666,0.8939393939393939,0.9856459330143541,0.9857819905213271,0.9904761904761905,0.9811320754716981,0.9996336325334311,0.8181818181818182,0.7999999999999999,0.8888888888888888,0.7272727272727273,0.8264462809917354,0.9857142857142858,0.985781990521327,1.0,0.9719626168224299,0.9996370565284457,0.8181818181818182,0.8181818181818182,0.8181818181818182,0.8181818181818182,0.7479338842975207,0.9761904761904762,0.9760765550239235,1.0,0.9532710280373832,1.0,10.67726486004753,0.11074658046866004,0.07414411161878315,0.08101192910420624,0.08202693456764414,0.09473731147151519,0.05169458634950274,0.010539116942696672,0.01104282303593466,0.004688617282502202,0.02303025817314431,0.00040162412785962664
29,1718.4904585123063,8.62102267742157,0.8103448275862069,0.8119213159542995,0.8290613122509675,0.8049568965517241,0.8544278996865203,0.9784434206144732,0.9787562696855925,0.9779453025940873,0.9802151296067713,0.9994498512794479,0.0005,"{'l2': 0.05, 'l1': 0.0}","{'lr': 0.0005, 'reg': <__main__.CustomL1L2Regularizer object at 0x7f2209191c90>}",27,27,26,23,31,0.9583333333333334,0.9565217391304348,1.0,0.9166666666666666,0.9375,0.9855769230769231,0.985645933014354,1.0,0.9716981132075472,1.0,0.7083333333333334,0.6666666666666666,0.7777777777777778,0.5833333333333334,0.8402777777777778,0.9807692307692307,0.9811320754716981,0.9811320754716981,0.9811320754716981,0.9990751017388088,0.8333333333333334,0.8461538461538461,0.7857142857142857,0.9166666666666666,0.9097222222222222,0.9711538461538461,0.9724770642201834,0.9464285714285714,1.0,0.9996300406955235,0.7916666666666666,0.7826086956521738,0.8181818181818182,0.75,0.8819444444444444,0.9711538461538461,0.9711538461538463,0.9901960784313726,0.9528301886792453,0.9994450610432852,0.8260869565217391,0.8181818181818182,0.9,0.75,0.8712121212121211,0.9856459330143541,0.986046511627907,0.9724770642201835,1.0,0.9998168162667155,0.6956521739130435,0.7199999999999999,0.6923076923076923,0.75,0.8181818181818182,0.9808612440191388,0.9814814814814815,0.9636363636363636,1.0,0.9998168162667155,0.782608695652174,0.8,0.7692307692307693,0.8333333333333334,0.803030303030303,0.9569377990430622,0.9560975609756097,0.98989898989899,0.9245283018867925,0.9982597545337974,0.782608695652174,0.8148148148148148,0.7333333333333333,0.9166666666666666,0.856060606060606,0.9904306220095693,0.9906542056074767,0.9814814814814815,1.0,0.9997252244000733,0.9090909090909091,0.9,1.0,0.8181818181818182,0.8512396694214877,0.9761904761904762,0.9769585253456221,0.9636363636363636,0.9906542056074766,0.9990019054532256,0.8181818181818182,0.8181818181818182,0.8181818181818182,0.8181818181818182,0.7644628099173555,0.9857142857142858,0.9859154929577464,0.9905660377358491,0.9813084112149533,0.9997277923963342,9.672973422292959,0.16183271100246063,0.07644949847467143,0.07843237649463844,0.09949790902987432,0.0996211819374395,0.0481458848495803,0.00940436117508795,0.009593622401561043,0.015472628435226397,0.023664894015214332,0.0005014963565151632
30,1732.171185874939,8.916666388511658,0.7887931034482759,0.7883641658191883,0.8100594807491358,0.7790948275862069,0.8705916927899685,0.97651339888182,0.9766462693949582,0.9836616019170978,0.9707635337682948,0.9984631062690899,0.0005,"{'l2': 0.01, 'l1': 0.0}","{'lr': 0.0005, 'reg': <__main__.CustomL1L2Regularizer object at 0x7f2209191610>}",31,35,30,37,19,0.875,0.8695652173913043,0.9090909090909091,0.8333333333333334,0.923611111111111,0.9567307692307693,0.9556650246305419,1.0,0.9150943396226415,0.9982426933037366,0.75,0.7272727272727272,0.8,0.6666666666666666,0.8958333333333334,0.9903846153846154,0.9904761904761905,1.0,0.9811320754716981,0.9995375508694043,0.9166666666666666,0.9166666666666666,0.9166666666666666,0.9166666666666666,0.9374999999999999,0.9711538461538461,0.9714285714285713,0.9807692307692307,0.9622641509433962,0.9980577136514983,0.75,0.7000000000000001,0.875,0.5833333333333334,0.861111111111111,0.9471153846153846,0.9458128078817735,0.9896907216494846,0.9056603773584906,0.9939881613022568,0.8260869565217391,0.8181818181818182,0.9,0.75,0.856060606060606,0.9760765550239234,0.976303317535545,0.9809523809523809,0.9716981132075472,0.9982597545337974,0.782608695652174,0.7826086956521738,0.8181818181818182,0.75,0.8863636363636362,0.9904306220095693,0.9906542056074767,0.9814814814814815,1.0,0.9998168162667155,0.7391304347826086,0.7692307692307692,0.7142857142857143,0.8333333333333334,0.8636363636363635,0.9856459330143541,0.9859154929577464,0.9813084112149533,0.9905660377358491,0.9997252244000733,0.8260869565217391,0.8461538461538461,0.7857142857142857,0.9166666666666666,0.8863636363636364,0.9952153110047847,0.9952606635071091,1.0,0.9905660377358491,0.9997252244000733,0.7272727272727273,0.7500000000000001,0.6923076923076923,0.8181818181818182,0.859504132231405,0.9571428571428572,0.9596412556053812,0.9224137931034483,1.0,0.9972779239633427,0.6818181818181818,0.6956521739130435,0.6666666666666666,0.7272727272727273,0.7231404958677687,0.9952380952380953,0.9953051643192489,1.0,0.9906542056074766,1.0,9.816539661284372,0.19008605347548121,0.06884651094689426,0.07065630639708755,0.08762541517371476,0.10133854270692005,0.05456696621687319,0.016821438408197654,0.016957255055703016,0.022093921104162282,0.03226074832354767,0.0017383600082267934
31,1744.3830524206162,9.273229479789734,0.8146551724137931,0.8158182813355227,0.8343885042160903,0.8135775862068966,0.8684691745036571,0.9760350395218816,0.9762767643306903,0.9814439293535415,0.9717245635690354,0.9988416029023124,0.0005,"{'l2': 0.005, 'l1': 0.0}","{'lr': 0.0005, 'reg': <__main__.CustomL1L2Regularizer object at 0x7f2209191c10>}",20,22,25,15,21,0.875,0.8799999999999999,0.8461538461538461,0.9166666666666666,0.9305555555555555,0.9711538461538461,0.9716981132075472,0.9716981132075472,0.9716981132075472,0.9987976322604514,0.75,0.7000000000000001,0.875,0.5833333333333334,0.8333333333333334,0.9855769230769231,0.9859154929577464,0.9813084112149533,0.9905660377358491,0.9986126526082131,0.9166666666666666,0.9166666666666666,0.9166666666666666,0.9166666666666666,0.9027777777777778,0.9663461538461539,0.9658536585365853,1.0,0.9339622641509434,0.9989826119126896,0.7916666666666666,0.8148148148148148,0.7333333333333333,0.9166666666666666,0.9097222222222222,0.9663461538461539,0.967741935483871,0.9459459459459459,0.9905660377358491,0.998520162782094,0.8695652173913043,0.8571428571428571,1.0,0.75,0.8484848484848484,0.9712918660287081,0.970873786407767,1.0,0.9433962264150944,0.9982597545337974,0.782608695652174,0.7826086956521738,0.8181818181818182,0.75,0.8863636363636362,0.9808612440191388,0.9809523809523809,0.9903846153846154,0.9716981132075472,0.9995420406667888,0.782608695652174,0.8,0.7692307692307693,0.8333333333333334,0.8863636363636364,0.9760765550239234,0.9767441860465116,0.963302752293578,0.9905660377358491,0.9991756732002198,0.8695652173913043,0.8799999999999999,0.8461538461538461,0.9166666666666666,0.9090909090909091,0.9665071770334929,0.9665071770334929,0.9805825242718447,0.9528301886792453,0.9971606521340906,0.8181818181818182,0.7999999999999999,0.8888888888888888,0.7272727272727273,0.8512396694214877,0.9809523809523809,0.9811320754716981,0.9904761904761905,0.9719626168224299,0.9994555847926686,0.6818181818181818,0.7200000000000001,0.6428571428571429,0.8181818181818182,0.7148760330578512,0.9952380952380953,0.9953488372093023,0.9907407407407407,1.0,0.9999092641321115,11.094605307020267,0.10349169771473102,0.0664549672776392,0.06687424305955748,0.09424304916525807,0.1066969755425345,0.057932525108651045,0.009122127104481305,0.009107076720346578,0.016191214508784975,0.021095130163185188,0.0007389717345532595
32,1754.4221040725708,9.639306330680848,0.8103448275862069,0.8140427588403601,0.8346420820558752,0.8049568965517241,0.8612852664576803,0.981318768950348,0.9815874989260115,0.9826894760743874,0.9811320754716981,0.99938323527448,0.0005,"{'l2': 0.001, 'l1': 0.0}","{'lr': 0.0005, 'reg': <__main__.CustomL1L2Regularizer object at 0x7f2209191c50>}",27,24,24,23,27,0.8333333333333334,0.8461538461538461,0.7857142857142857,0.9166666666666666,0.9305555555555555,0.9855769230769231,0.9859154929577464,0.9813084112149533,0.9905660377358491,0.9988901220865705,0.875,0.8571428571428571,1.0,0.75,0.9305555555555556,0.9519230769230769,0.9509803921568627,0.9897959183673469,0.9150943396226415,0.9982426933037366,0.9166666666666666,0.9166666666666666,0.9166666666666666,0.9166666666666666,0.9027777777777777,0.9807692307692307,0.9813084112149533,0.9722222222222222,0.9905660377358491,0.9994450610432852,0.7916666666666666,0.7826086956521738,0.8181818181818182,0.75,0.8888888888888888,0.9855769230769231,0.9859154929577464,0.9813084112149533,0.9905660377358491,0.9992600813910469,0.8695652173913043,0.8571428571428571,1.0,0.75,0.8939393939393939,0.9904306220095693,0.9904761904761905,1.0,0.9811320754716981,0.9996336325334311,0.782608695652174,0.7826086956521738,0.8181818181818182,0.75,0.8484848484848485,0.9856459330143541,0.985645933014354,1.0,0.9716981132075472,0.9997252244000733,0.782608695652174,0.8,0.7692307692307693,0.8333333333333334,0.7954545454545454,0.9904306220095693,0.9904761904761905,1.0,0.9811320754716981,0.9999084081333578,0.8695652173913043,0.8799999999999999,0.8461538461538461,0.9166666666666666,0.856060606060606,0.9952153110047847,0.9952606635071091,1.0,0.9905660377358491,0.9997252244000733,0.7727272727272727,0.761904761904762,0.8,0.7272727272727273,0.8512396694214877,0.9761904761904762,0.9771689497716896,0.9553571428571429,1.0,0.9995463206605572,0.5909090909090909,0.64,0.5714285714285714,0.7272727272727273,0.6983471074380165,0.9714285714285714,0.9727272727272728,0.9469026548672567,1.0,0.9994555847926686,8.67676210329547,0.23480381203467587,0.08509315309142285,0.07316882543977596,0.11687087017962182,0.07916512876677767,0.06581120259569137,0.011843469977206676,0.011974168514713779,0.018412630369089616,0.023490376599978734,0.0004655357823824913
33,1767.23772380352,10.033368396759034,0.7974137931034483,0.8071588700599196,0.8063640382605901,0.8214798850574713,0.8620363113897596,0.9751079622132254,0.9764699595002332,0.9651154108121052,0.989657908658085,0.998837371582983,0.0005,"{'l2': 0.0, 'l1': 0.5}","{'lr': 0.0005, 'reg': <__main__.CustomL1L2Regularizer object at 0x7f2209191b90>}",30,30,31,14,24,0.875,0.8799999999999999,0.8461538461538461,0.9166666666666666,0.9375,0.9855769230769231,0.986046511627907,0.9724770642201835,1.0,0.9997225305216426,0.75,0.7272727272727272,0.8,0.6666666666666666,0.8472222222222221,0.9903846153846154,0.9906542056074767,0.9814814814814815,1.0,0.9995375508694043,0.9166666666666666,0.9166666666666666,0.9166666666666666,0.9166666666666666,0.923611111111111,0.9807692307692307,0.9811320754716981,0.9811320754716981,0.9811320754716981,0.9988901220865705,0.7916666666666666,0.7826086956521738,0.8181818181818182,0.75,0.875,0.9855769230769231,0.985645933014354,1.0,0.9716981132075472,0.9997225305216426,0.8695652173913043,0.8695652173913043,0.9090909090909091,0.8333333333333334,0.9015151515151515,0.9856459330143541,0.986046511627907,0.9724770642201835,1.0,0.9999084081333578,0.782608695652174,0.7826086956521738,0.8181818181818182,0.75,0.8863636363636362,0.9856459330143541,0.9857819905213271,0.9904761904761905,0.9811320754716981,0.9997252244000733,0.6956521739130435,0.7407407407407408,0.6666666666666666,0.8333333333333334,0.7803030303030303,0.9712918660287081,0.9724770642201834,0.9464285714285714,1.0,0.9997252244000733,0.7391304347826086,0.8,0.6666666666666666,1.0,0.8939393939393939,0.8995215311004785,0.9098712446351932,0.8346456692913385,1.0,0.993954936801612,0.9090909090909091,0.9,1.0,0.8181818181818182,0.8512396694214875,0.9761904761904762,0.976303317535545,0.9903846153846154,0.9626168224299065,0.9973686598312314,0.6363636363636364,0.6666666666666667,0.6153846153846154,0.7272727272727273,0.7107438016528925,0.9904761904761905,0.9907407407407407,0.981651376146789,1.0,0.9998185282642229,10.158457972055032,0.08975876074683987,0.08873157272471578,0.07803398036709569,0.11569227838176119,0.09705148934582686,0.06464817918467745,0.025830113180219265,0.02287416944304464,0.045581131703448935,0.013568004201120417,0.0017816195699763204
34,1776.474911904335,10.482985639572144,0.8318965517241379,0.8345012754195662,0.8364154523637283,0.8383620689655172,0.8777592737722048,0.9621983279878016,0.964771266429542,0.9474963567026105,0.9849232939516842,0.9973073048617407,0.0005,"{'l2': 0.0, 'l1': 0.1}","{'lr': 0.0005, 'reg': <__main__.CustomL1L2Regularizer object at 0x7f2209191d90>}",4,6,22,4,11,0.875,0.8799999999999999,0.8461538461538461,0.9166666666666666,0.9444444444444444,0.9903846153846154,0.9906542056074767,0.9814814814814815,1.0,0.9996300406955235,0.8333333333333334,0.8181818181818182,0.9,0.75,0.9374999999999999,0.9759615384615384,0.976303317535545,0.9809523809523809,0.9716981132075472,0.9987051424343322,0.9166666666666666,0.9166666666666666,0.9166666666666666,0.9166666666666666,0.9027777777777777,0.9807692307692307,0.9809523809523809,0.9903846153846154,0.9716981132075472,0.9991675915649278,0.7916666666666666,0.7826086956521738,0.8181818181818182,0.75,0.8472222222222221,0.9759615384615384,0.976303317535545,0.9809523809523809,0.9716981132075472,0.9991675915649278,0.8695652173913043,0.8695652173913043,0.9090909090909091,0.8333333333333334,0.9090909090909092,0.9856459330143541,0.986046511627907,0.9724770642201835,1.0,0.999633632533431,0.8260869565217391,0.8333333333333334,0.8333333333333334,0.8333333333333334,0.8712121212121211,0.861244019138756,0.8755364806866953,0.8031496062992126,0.9622641509433962,0.9817732185381938,0.7391304347826086,0.7692307692307692,0.7142857142857143,0.8333333333333334,0.8446969696969697,0.9330143540669856,0.9380530973451328,0.8833333333333333,1.0,0.9989924894669354,0.8695652173913043,0.888888888888889,0.8,1.0,0.9015151515151515,0.9904306220095693,0.9905660377358491,0.9905660377358491,0.9905660377358491,0.9995420406667888,0.8181818181818182,0.8181818181818182,0.8181818181818182,0.8181818181818182,0.8677685950413223,0.9380952380952381,0.9427312775330398,0.8916666666666667,1.0,0.9964613011523455,0.7727272727272727,0.761904761904762,0.8,0.7272727272727273,0.7396694214876034,0.9904761904761905,0.9905660377358491,1.0,0.9813084112149533,1.0,9.741737492258665,0.19700472238532218,0.05090051748209731,0.050806628172127985,0.058486659789395205,0.08179594959418254,0.0554440853460861,0.03910130818516839,0.03484763489995487,0.0620793850626053,0.014114847412206265,0.005261085856250032
35,1791.8272026777267,10.782736420631409,0.8275862068965517,0.8312997559661727,0.8361415882967608,0.8304597701149427,0.8619710031347961,0.9769989002225845,0.9778057610414311,0.9738948662443045,0.9830365014988539,0.9993564198546997,0.0005,"{'l2': 0.0, 'l1': 0.05}","{'lr': 0.0005, 'reg': <__main__.CustomL1L2Regularizer object at 0x7f22091915d0>}",10,8,23,6,25,0.9583333333333334,0.9565217391304348,1.0,0.9166666666666666,0.9444444444444444,0.9615384615384616,0.9607843137254902,1.0,0.9245283018867925,0.9996300406955234,0.75,0.7272727272727272,0.8,0.6666666666666666,0.8888888888888888,0.9903846153846154,0.9904761904761905,1.0,0.9811320754716981,0.9996300406955235,0.9166666666666666,0.9166666666666666,0.9166666666666666,0.9166666666666666,0.923611111111111,0.9759615384615384,0.9767441860465116,0.963302752293578,0.9905660377358491,0.998520162782094,0.875,0.8799999999999999,0.8461538461538461,0.9166666666666666,0.8819444444444444,0.9807692307692307,0.9813084112149533,0.9722222222222222,0.9905660377358491,0.9994450610432852,0.8260869565217391,0.8333333333333334,0.8333333333333334,0.8333333333333334,0.8636363636363635,0.9234449760765551,0.9298245614035088,0.8688524590163934,1.0,0.9984429382670819,0.782608695652174,0.7826086956521738,0.8181818181818182,0.75,0.8712121212121211,0.9856459330143541,0.9857819905213271,0.9904761904761905,0.9811320754716981,0.9994504488001466,0.782608695652174,0.8,0.7692307692307693,0.8333333333333334,0.8257575757575757,0.9904306220095693,0.9906542056074767,0.9814814814814815,1.0,0.9999084081333578,0.8695652173913043,0.8799999999999999,0.8461538461538461,0.9166666666666666,0.8863636363636364,0.9808612440191388,0.9811320754716981,0.9811320754716981,0.9811320754716981,0.9988093057336509,0.8636363636363636,0.8571428571428572,0.9,0.8181818181818182,0.8512396694214877,0.9857142857142858,0.986046511627907,0.9814814814814815,0.9906542056074766,0.9997277923963342,0.6363636363636364,0.6666666666666667,0.6153846153846154,0.7272727272727273,0.6652892561983471,0.9952380952380953,0.9953051643192489,1.0,0.9906542056074766,1.0,9.24693459663305,0.32907888237399363,0.0872430461756767,0.08331911851520334,0.09533289592330263,0.08652089280331775,0.07134326279745669,0.01995054646606942,0.018384141771299944,0.036926633924053084,0.02058897074596451,0.0005344481100811929
36,1805.034900355339,11.160726833343507,0.8275862068965517,0.8202577282787178,0.8733019853709509,0.7794540229885056,0.8860370950888192,0.9429904744378428,0.9419643351153342,0.9750190585130369,0.9114353729500971,0.983960917211728,0.0001,"{'l2': 0.5, 'l1': 0.0}","{'lr': 0.0001, 'reg': <__main__.CustomL1L2Regularizer object at 0x7f2209617ad0>}",10,17,4,36,4,0.875,0.8695652173913043,0.9090909090909091,0.8333333333333334,0.9375,0.9423076923076923,0.9411764705882353,0.9795918367346939,0.9056603773584906,0.9846466888642249,0.7916666666666666,0.7826086956521738,0.8181818181818182,0.75,0.9444444444444444,0.9375,0.9365853658536586,0.9696969696969697,0.9056603773584906,0.985386607473178,0.9166666666666666,0.9166666666666666,0.9166666666666666,0.9166666666666666,0.8819444444444443,0.9519230769230769,0.951923076923077,0.9705882352941176,0.9339622641509434,0.9848316685164632,0.75,0.7000000000000001,0.875,0.5833333333333334,0.8958333333333333,0.9278846153846154,0.9253731343283582,0.9789473684210527,0.8773584905660378,0.9777099519052903,0.8695652173913043,0.8571428571428571,1.0,0.75,0.8560606060606061,0.9473684210526315,0.9468599033816426,0.9702970297029703,0.9245283018867925,0.9837882396043232,0.782608695652174,0.7826086956521738,0.8181818181818182,0.75,0.9166666666666667,0.9425837320574163,0.9411764705882353,0.9795918367346939,0.9056603773584906,0.9814068510716247,0.7391304347826086,0.75,0.75,0.75,0.8787878787878787,0.9330143540669856,0.9306930693069307,0.9791666666666666,0.8867924528301887,0.9832386884044697,0.9130434782608695,0.9166666666666666,0.9166666666666666,0.9166666666666666,0.8939393939393939,0.937799043062201,0.9359605911330049,0.979381443298969,0.8962264150943396,0.9877266898699395,0.9090909090909091,0.9,1.0,0.8181818181818182,0.859504132231405,0.9476190476190476,0.948356807511737,0.9528301886792453,0.9439252336448598,0.9832138644406133,0.7272727272727273,0.7272727272727273,0.7272727272727273,0.7272727272727273,0.7851239669421487,0.9619047619047619,0.9615384615384615,0.9900990099009901,0.9345794392523364,0.9876599219671537,8.708649520617577,0.2781141770120907,0.07258629619540163,0.07723229455844328,0.08816043559056683,0.09402989471982891,0.04317946027261793,0.009292844662792265,0.010078106693410601,0.00939941770903614,0.020904535428093802,0.002789840571949003
37,1814.8958868026734,11.546178388595582,0.8275862068965517,0.8241184467290166,0.8551588497709187,0.8045977011494254,0.8772204806687565,0.930545594756121,0.9312042031347026,0.9517120730616332,0.9152530417915713,0.9839842557659824,0.0001,"{'l2': 0.1, 'l1': 0.0}","{'lr': 0.0001, 'reg': <__main__.CustomL1L2Regularizer object at 0x7f220f30e690>}",10,12,15,26,13,0.875,0.8695652173913043,0.9090909090909091,0.8333333333333334,0.9236111111111112,0.9182692307692307,0.914572864321608,0.978494623655914,0.8584905660377359,0.9821494635590085,0.875,0.8695652173913043,0.9090909090909091,0.8333333333333334,0.8958333333333334,0.9471153846153846,0.9473684210526316,0.9611650485436893,0.9339622641509434,0.9814095449500555,0.9166666666666666,0.9166666666666666,0.9166666666666666,0.9166666666666666,0.8888888888888888,0.9423076923076923,0.9439252336448598,0.9351851851851852,0.9528301886792453,0.9836293007769146,0.75,0.7000000000000001,0.875,0.5833333333333334,0.9027777777777778,0.9230769230769231,0.9199999999999999,0.9787234042553191,0.8679245283018868,0.9809470958194597,0.782608695652174,0.8,0.7692307692307693,0.8333333333333334,0.8484848484848485,0.8564593301435407,0.8728813559322033,0.7923076923076923,0.9716981132075472,0.9846125664041033,0.782608695652174,0.7826086956521738,0.8181818181818182,0.75,0.9090909090909091,0.9473684210526315,0.9463414634146342,0.9797979797979798,0.9150943396226415,0.9836050558710386,0.7391304347826086,0.75,0.75,0.75,0.8636363636363635,0.9282296650717703,0.9253731343283582,0.9789473684210527,0.8773584905660378,0.9847957501373878,0.8695652173913043,0.888888888888889,0.8,1.0,0.8939393939393939,0.9521531100478469,0.9523809523809524,0.9615384615384616,0.9433962264150944,0.9880014654698663,0.9090909090909091,0.9,1.0,0.8181818181818182,0.8429752066115703,0.9428571428571428,0.9428571428571428,0.9611650485436893,0.9252336448598131,0.9859359404772706,0.7727272727272727,0.761904761904762,0.8,0.7272727272727273,0.7933884297520661,0.9476190476190476,0.9463414634146342,0.9897959183673469,0.9065420560747663,0.9847563741947192,11.665322794127588,0.1822215122889698,0.06461862732266703,0.07077502232228078,0.07468107736876196,0.10759827847815252,0.03669230365128289,0.027030542705839832,0.02302893188219297,0.05512353925577676,0.035796151537551855,0.0020269739917380177
38,1832.3850615024567,12.010661602020264,0.8232758620689655,0.814693162503961,0.8739881526519456,0.7790948275862069,0.8800287356321839,0.9362848993112151,0.9345685742558141,0.9736630572511851,0.8992241227296773,0.9836805616748278,0.0001,"{'l2': 0.05, 'l1': 0.0}","{'lr': 0.0001, 'reg': <__main__.CustomL1L2Regularizer object at 0x7f2209191c90>}",15,23,2,37,7,0.7916666666666666,0.8148148148148148,0.7333333333333333,0.9166666666666666,0.9444444444444443,0.9519230769230769,0.9523809523809524,0.9615384615384616,0.9433962264150944,0.9815020347761746,0.875,0.8571428571428571,1.0,0.75,0.9236111111111112,0.9086538461538461,0.9035532994923858,0.978021978021978,0.839622641509434,0.9797447280799112,0.9166666666666666,0.9166666666666666,0.9166666666666666,0.9166666666666666,0.8819444444444443,0.9423076923076923,0.9417475728155339,0.97,0.9150943396226415,0.9822419533851277,0.7083333333333334,0.631578947368421,0.8571428571428571,0.5,0.8819444444444444,0.9182692307692307,0.914572864321608,0.978494623655914,0.8584905660377359,0.9830743618201997,0.8695652173913043,0.8571428571428571,1.0,0.75,0.8484848484848485,0.9473684210526315,0.9468599033816426,0.9702970297029703,0.9245283018867925,0.9868107712035171,0.782608695652174,0.7826086956521738,0.8181818181818182,0.75,0.9090909090909091,0.9473684210526315,0.9468599033816426,0.9702970297029703,0.9245283018867925,0.9820479941381204,0.782608695652174,0.8,0.7692307692307693,0.8333333333333334,0.8863636363636362,0.9425837320574163,0.9411764705882353,0.9795918367346939,0.9056603773584906,0.9857116688038102,0.9130434782608695,0.9166666666666666,0.9166666666666666,0.9166666666666666,0.9015151515151515,0.9186602870813397,0.914572864321608,0.978494623655914,0.8584905660377359,0.9850705257373145,0.8636363636363636,0.8421052631578948,1.0,0.7272727272727273,0.8347107438016529,0.9333333333333333,0.9320388349514562,0.9696969696969697,0.897196261682243,0.9848471100626077,0.7272727272727273,0.7272727272727273,0.7272727272727273,0.7272727272727273,0.7768595041322314,0.9523809523809523,0.9519230769230769,0.9801980198019802,0.9252336448598131,0.9857544687414934,12.644118532747786,0.20568863039631557,0.07082930321727418,0.08282385227954894,0.10298294728030363,0.1220917128242765,0.04541701923185367,0.014942061005253327,0.016684780837832668,0.0058511397424592946,0.033281310332627524,0.002164639646499813
39,1845.985286974907,12.270557594299316,0.8189655172413793,0.8231117206548242,0.8201214733542319,0.8304597701149427,0.8872452978056427,0.9463328557407504,0.9469118425244576,0.9541362521063504,0.9406365720331511,0.9843271193530475,0.0001,"{'l2': 0.01, 'l1': 0.0}","{'lr': 0.0001, 'reg': <__main__.CustomL1L2Regularizer object at 0x7f2209191610>}",17,13,29,6,3,0.7916666666666666,0.8148148148148148,0.7333333333333333,0.9166666666666666,0.9444444444444443,0.9471153846153846,0.948356807511737,0.9439252336448598,0.9528301886792453,0.982519422863485,0.8333333333333334,0.8181818181818182,0.9,0.75,0.9375000000000001,0.9278846153846154,0.9261083743842364,0.9690721649484536,0.8867924528301887,0.982426933037366,0.875,0.8799999999999999,0.8461538461538461,0.9166666666666666,0.9097222222222221,0.9423076923076923,0.9433962264150944,0.9433962264150944,0.9433962264150944,0.9822419533851277,0.75,0.75,0.75,0.75,0.9166666666666667,0.9278846153846154,0.9302325581395349,0.9174311926605505,0.9433962264150944,0.9741953385127636,0.8260869565217391,0.8333333333333334,0.8333333333333334,0.8333333333333334,0.8484848484848485,0.9521531100478469,0.9528301886792453,0.9528301886792453,0.9528301886792453,0.9824143616046894,0.782608695652174,0.7826086956521738,0.8181818181818182,0.75,0.8863636363636364,0.9425837320574163,0.9433962264150944,0.9433962264150944,0.9433962264150944,0.9838798314709654,0.782608695652174,0.8,0.7692307692307693,0.8333333333333334,0.8787878787878787,0.9617224880382775,0.9615384615384616,0.9803921568627451,0.9433962264150944,0.9867191793368748,0.9130434782608695,0.9166666666666666,0.9166666666666666,0.9166666666666666,0.9090909090909091,0.9521531100478469,0.9509803921568627,0.9897959183673469,0.9150943396226415,0.9899248946693533,0.8181818181818182,0.8181818181818182,0.8181818181818182,0.8181818181818182,0.8429752066115702,0.9428571428571428,0.9454545454545454,0.9203539823008849,0.9719626168224299,0.9886580165139278,0.8181818181818182,0.8181818181818182,0.8181818181818182,0.8181818181818182,0.7851239669421488,0.9666666666666667,0.966824644549763,0.9807692307692307,0.9532710280373832,0.9902912621359223,13.323325717967709,0.26281647822350795,0.04538668975887606,0.044672721892969676,0.05672055100731843,0.06546571926035227,0.04604054665139401,0.01200700343317467,0.01184040181613215,0.023913493100820787,0.022406197162778453,0.004572994557246544
40,1868.711802315712,12.854648923873901,0.8405172413793104,0.8350505591360163,0.8733652841411462,0.805316091954023,0.8792123824451409,0.9405981080323185,0.9398755036055915,0.9657957473893634,0.9161523540821725,0.9841440598235037,0.0001,"{'l2': 0.005, 'l1': 0.0}","{'lr': 0.0001, 'reg': <__main__.CustomL1L2Regularizer object at 0x7f2209191c10>}",1,5,3,22,8,0.875,0.8695652173913043,0.9090909090909091,0.8333333333333334,0.9236111111111112,0.9326923076923077,0.9313725490196079,0.9693877551020408,0.8962264150943396,0.9857565667776544,0.875,0.8799999999999999,0.8461538461538461,0.9166666666666666,0.9236111111111112,0.9423076923076923,0.942857142857143,0.9519230769230769,0.9339622641509434,0.9816870144284129,0.9166666666666666,0.9166666666666666,0.9166666666666666,0.9166666666666666,0.8819444444444443,0.9471153846153846,0.9478672985781991,0.9523809523809523,0.9433962264150944,0.9813170551239364,0.7916666666666666,0.761904761904762,0.8888888888888888,0.6666666666666666,0.9097222222222222,0.9326923076923077,0.9320388349514563,0.96,0.9056603773584906,0.9772475027746949,0.9130434782608695,0.9090909090909091,1.0,0.8333333333333334,0.8484848484848485,0.9473684210526315,0.9478672985781991,0.9523809523809523,0.9433962264150944,0.9850705257373145,0.8260869565217391,0.8181818181818182,0.9,0.75,0.9242424242424241,0.9473684210526315,0.9463414634146342,0.9797979797979798,0.9150943396226415,0.9821395860047626,0.7391304347826086,0.7272727272727272,0.8,0.6666666666666666,0.8787878787878787,0.9138755980861244,0.9090909090909092,0.9782608695652174,0.8490566037735849,0.9850705257373145,0.8695652173913043,0.8799999999999999,0.8461538461538461,0.9166666666666666,0.8863636363636364,0.937799043062201,0.9359605911330049,0.979381443298969,0.8962264150943396,0.9892837516028576,0.8181818181818182,0.8181818181818182,0.8181818181818182,0.8181818181818182,0.8429752066115702,0.9476190476190476,0.9488372093023255,0.9444444444444444,0.9532710280373832,0.9843934307231649,0.7727272727272727,0.761904761904762,0.8,0.7272727272727273,0.7603305785123968,0.9571428571428572,0.9565217391304348,0.99,0.9252336448598131,0.9894746393249252,12.1753105082888,0.20207423343632874,0.05675091464119075,0.06350379991511468,0.05910887604393959,0.09351255025703005,0.04763752860001521,0.011432518644706461,0.012777234130193426,0.01475328621639318,0.029443237972677113,0.003532987321967463
41,1878.334916305542,13.266056323051453,0.8146551724137931,0.8124900942385951,0.8477788734254252,0.7877155172413793,0.8808450888192267,0.9391305186042029,0.9376503975592911,0.9712824435247743,0.9076353376829485,0.9837422498124606,0.0001,"{'l2': 0.001, 'l1': 0.0}","{'lr': 0.0001, 'reg': <__main__.CustomL1L2Regularizer object at 0x7f2209191c50>}",20,26,17,32,6,0.875,0.8695652173913043,0.9090909090909091,0.8333333333333334,0.9375,0.9375,0.9365853658536586,0.9696969696969697,0.9056603773584906,0.9844617092119867,0.7916666666666666,0.761904761904762,0.8888888888888888,0.6666666666666666,0.9236111111111112,0.9278846153846154,0.9261083743842364,0.9690721649484536,0.8867924528301887,0.9768775434702184,0.875,0.8695652173913043,0.9090909090909091,0.8333333333333334,0.8888888888888888,0.8894230769230769,0.8808290155440415,0.9770114942528736,0.8018867924528302,0.9827044025157232,0.7916666666666666,0.761904761904762,0.8888888888888888,0.6666666666666666,0.8819444444444445,0.9375,0.9359605911330049,0.979381443298969,0.8962264150943396,0.9818719940806511,0.8695652173913043,0.8695652173913043,0.9090909090909091,0.8333333333333334,0.8484848484848485,0.9617224880382775,0.9619047619047619,0.9711538461538461,0.9528301886792453,0.9840630152042498,0.782608695652174,0.7826086956521738,0.8181818181818182,0.75,0.9090909090909091,0.9473684210526315,0.9463414634146342,0.9797979797979798,0.9150943396226415,0.985986444403737,0.7391304347826086,0.75,0.75,0.75,0.8863636363636362,0.937799043062201,0.9359605911330049,0.979381443298969,0.8962264150943396,0.97957501373878,0.8695652173913043,0.8799999999999999,0.8461538461538461,0.9166666666666666,0.8939393939393939,0.9425837320574163,0.9417475728155339,0.97,0.9150943396226415,0.9893753434694998,0.8636363636363636,0.8571428571428572,0.9,0.8181818181818182,0.8512396694214875,0.9523809523809523,0.9541284403669725,0.9369369369369369,0.9719626168224299,0.9872062426277107,0.6818181818181818,0.7200000000000001,0.6428571428571429,0.8181818181818182,0.7768595041322314,0.9571428571428572,0.9569377990430622,0.9803921568627451,0.9345794392523364,0.9853007894020507,16.387494173541928,0.20364090312488606,0.06347182351335817,0.058771629673883816,0.08231474023387644,0.07599377403210705,0.04288913552755805,0.01922132473160911,0.021663006136037895,0.01228081810038342,0.043473255677647496,0.0034768087497843085
42,1901.6930859327317,13.651167941093444,0.8405172413793104,0.8352478733949183,0.8798813255709808,0.8045977011494254,0.8850574712643678,0.9454057127083443,0.9449521129395049,0.9676331643511744,0.9237436078293071,0.9844301413206946,0.0001,"{'l2': 0.0, 'l1': 0.5}","{'lr': 0.0001, 'reg': <__main__.CustomL1L2Regularizer object at 0x7f2209191b90>}",1,4,1,26,5,0.8333333333333334,0.8333333333333334,0.8333333333333334,0.8333333333333334,0.9375,0.9423076923076923,0.9423076923076923,0.9607843137254902,0.9245283018867925,0.9835368109507955,0.8333333333333334,0.8181818181818182,0.9,0.75,0.9374999999999999,0.9423076923076923,0.9423076923076923,0.9607843137254902,0.9245283018867925,0.9829818719940806,0.9166666666666666,0.9166666666666666,0.9166666666666666,0.9166666666666666,0.9027777777777778,0.9519230769230769,0.9523809523809524,0.9615384615384616,0.9433962264150944,0.9844617092119867,0.7916666666666666,0.761904761904762,0.8888888888888888,0.6666666666666666,0.9027777777777777,0.9471153846153846,0.9473684210526316,0.9611650485436893,0.9339622641509434,0.9770625231224566,0.8695652173913043,0.8571428571428571,1.0,0.75,0.8484848484848485,0.9569377990430622,0.9569377990430622,0.970873786407767,0.9433962264150944,0.9834218721377541,0.782608695652174,0.7826086956521738,0.8181818181818182,0.75,0.909090909090909,0.9425837320574163,0.9417475728155339,0.97,0.9150943396226415,0.9858948525370946,0.8260869565217391,0.8333333333333334,0.8333333333333334,0.8333333333333334,0.8787878787878787,0.9330143540669856,0.9306930693069307,0.9791666666666666,0.8867924528301887,0.9852537094705991,0.9130434782608695,0.923076923076923,0.8571428571428571,1.0,0.9090909090909091,0.9521531100478469,0.951923076923077,0.9705882352941176,0.9339622641509434,0.9880014654698662,0.8636363636363636,0.8421052631578948,1.0,0.7272727272727273,0.8264462809917356,0.9285714285714286,0.9261083743842364,0.9791666666666666,0.8785046728971962,0.9858452046093821,0.7727272727272727,0.7826086956521738,0.75,0.8181818181818182,0.7851239669421488,0.9571428571428572,0.9577464788732395,0.9622641509433962,0.9532710280373832,0.9878413937029307,14.353982579312596,0.18746127579079172,0.047980115767934324,0.05125707481182068,0.07386572721795025,0.09329429946717677,0.04645187564915962,0.009087210170802915,0.009998173916475749,0.0070178420980817275,0.023110931769056323,0.0029565515543277
43,1919.9632944107057,13.993216061592102,0.8232758620689655,0.8223018853959634,0.8655121459000769,0.7963362068965517,0.8888780041797282,0.9381942399705558,0.9374028343771478,0.962303641702747,0.9151825074942691,0.9834848174186549,0.0001,"{'l2': 0.0, 'l1': 0.1}","{'lr': 0.0001, 'reg': <__main__.CustomL1L2Regularizer object at 0x7f2209191d90>}",15,15,6,30,2,0.875,0.8695652173913043,0.9090909090909091,0.8333333333333334,0.9305555555555556,0.9375,0.9359605911330049,0.979381443298969,0.8962264150943396,0.9854790972992971,0.8333333333333334,0.8,1.0,0.6666666666666666,0.9375,0.9086538461538461,0.9035532994923858,0.978021978021978,0.839622641509434,0.9803921568627452,0.875,0.8799999999999999,0.8461538461538461,0.9166666666666666,0.9097222222222222,0.9423076923076923,0.9439252336448598,0.9351851851851852,0.9528301886792453,0.9815020347761747,0.75,0.7272727272727272,0.8,0.6666666666666666,0.9166666666666666,0.9375,0.9371980676328503,0.9603960396039604,0.9150943396226415,0.9778024417314096,0.8695652173913043,0.8571428571428571,1.0,0.75,0.8484848484848485,0.9282296650717703,0.9253731343283582,0.9789473684210527,0.8773584905660378,0.9823227697380472,0.782608695652174,0.7826086956521738,0.8181818181818182,0.75,0.9166666666666666,0.9473684210526315,0.9468599033816426,0.9702970297029703,0.9245283018867925,0.9832386884044697,0.7391304347826086,0.7692307692307692,0.7142857142857143,0.8333333333333334,0.8863636363636364,0.9473684210526315,0.948356807511737,0.9439252336448598,0.9528301886792453,0.9847957501373878,0.9130434782608695,0.9166666666666666,0.9166666666666666,0.9166666666666666,0.8863636363636364,0.9330143540669856,0.9306930693069307,0.9791666666666666,0.8867924528301887,0.9865359956035904,0.9090909090909091,0.9,1.0,0.8181818181818182,0.8512396694214877,0.9523809523809523,0.9532710280373832,0.9532710280373832,0.9532710280373832,0.9898375827964795,0.6818181818181818,0.7200000000000001,0.6428571428571429,0.8181818181818182,0.7933884297520661,0.9476190476190476,0.9488372093023255,0.9444444444444444,0.9532710280373832,0.9829416568369476,10.945586663103745,0.32878189592380247,0.0747829971263115,0.06756173079894254,0.11622549207632733,0.08488605466542064,0.04228056223048332,0.012145222399844878,0.014043359680773372,0.01625220432580451,0.03758829137520896,0.003207091214649791
44,1937.3299592971803,14.394787287712097,0.8318965517241379,0.8298130236829637,0.8615359496825014,0.8049568965517241,0.8888780041797285,0.9415527016842807,0.9412471216107532,0.9609739672212358,0.9236995238934931,0.9828640345342794,0.0001,"{'l2': 0.0, 'l1': 0.05}","{'lr': 0.0001, 'reg': <__main__.CustomL1L2Regularizer object at 0x7f22091915d0>}",4,10,10,23,1,0.875,0.8695652173913043,0.9090909090909091,0.8333333333333334,0.9375,0.9278846153846154,0.9253731343283582,0.9789473684210527,0.8773584905660378,0.9859415464298926,0.8333333333333334,0.8181818181818182,0.9,0.75,0.9236111111111112,0.9326923076923077,0.9306930693069307,0.9791666666666666,0.8867924528301887,0.978912319644839,0.875,0.8799999999999999,0.8461538461538461,0.9166666666666666,0.9097222222222222,0.9375,0.9395348837209303,0.926605504587156,0.9528301886792453,0.9821494635590086,0.8333333333333334,0.8181818181818182,0.9,0.75,0.9097222222222222,0.9423076923076923,0.942857142857143,0.9519230769230769,0.9339622641509434,0.9778949315575287,0.9130434782608695,0.9090909090909091,1.0,0.8333333333333334,0.8560606060606061,0.9569377990430622,0.9577464788732395,0.9532710280373832,0.9622641509433962,0.985253709470599,0.782608695652174,0.7826086956521738,0.8181818181818182,0.75,0.9242424242424243,0.9425837320574163,0.942857142857143,0.9519230769230769,0.9339622641509434,0.9780179520058618,0.782608695652174,0.7826086956521738,0.8181818181818182,0.75,0.8787878787878787,0.9282296650717703,0.9253731343283582,0.9789473684210527,0.8773584905660378,0.9821395860047627,0.9130434782608695,0.9166666666666666,0.9166666666666666,0.9166666666666666,0.9090909090909091,0.9521531100478469,0.951923076923077,0.9705882352941176,0.9339622641509434,0.9880014654698662,0.7272727272727273,0.7500000000000001,0.6923076923076923,0.8181818181818182,0.8429752066115703,0.9476190476190476,0.949771689497717,0.9285714285714286,0.9719626168224299,0.9844841665910534,0.7727272727272727,0.761904761904762,0.8,0.7272727272727273,0.7851239669421487,0.9476190476190476,0.9463414634146342,0.9897959183673469,0.9065420560747663,0.9858452046093821,12.550465236174965,0.21984767958418225,0.05951547371007259,0.0574989160471956,0.0788288748736922,0.06711031760204948,0.044285709542353884,0.009399759991584865,0.010527565948091754,0.02086740968632218,0.03306450828053541,0.0034338755578608767
